ID,Title,Cost_Score,ROI_Score,SA_Score
f7121191-cbbf-4f74-8256-024ea3987b2c,Zero-Touch Purpose System,0.399721301,0.261409005,0.62900044
a39a9628-4938-4ccf-9f15-122aed064631,Cloud-Based Ago Analyzer,0.633666376,0.369867118,0.640518991
e2eb83ea-cf0f-48d0-b688-70f646ff514a,Intelligent Face Bot,0.427072551,0.77355156,0.517270422
356a87f2-1297-4740-8dd2-9c2fc687630d,AI-Powered Dog System,0.535321857,0.521942507,0.504569597
d20030cb-2356-4234-8358-2c3e87e902dc,Predictive Since Agent,0.452831761,0.420980427,0.416064657
9e0faf05-f1b8-41bd-98a9-71ccb5a86864,AI-Powered Require Assistant,0.577968331,0.611353507,0.433790699
909ec60f-f3ac-45f4-a583-88e30d93b5f2,Automated Wait Bot,0.469254656,0.483351642,0.492301877
f7004f49-4210-42ad-8286-a69f830ec602,Smart Begin Bot,0.376868047,0.555661123,0.322825758
82f6bef0-7721-40ef-93f0-ea3fdb008c93,Zero-Touch Knowledge Analyzer,0.463148926,0.418884336,0.354830151
1e3af5f9-8855-4d5c-9c12-1f5894ed7d36,Smart All Analyzer,0.434685685,0.520648058,0.582427577
850b3732-8b15-40e0-b2d3-26dab13275c4,Self-Healing Discover Agent,0.49941886,0.678135139,0.431727919
2edebc32-8b23-40b8-bda4-e73f1e34b46a,Self-Healing Mouth Service,0.506888013,0.440197507,0.28803737
7445209c-df21-434b-ab3b-da13d0b152c4,Self-Healing Agreement Bot,0.486729769,0.2994904,0.425108281
cabefc24-edc4-4960-9812-028990fd9518,Intelligent Decide Platform,0.327521097,0.343553567,0.498064051
4e0059ff-2360-465d-8977-2b3a8d333f68,Smart Rate Bot,0.624624344,0.533198692,0.397024829
fafea41f-c952-4f5e-b858-03a3285037c6,AI-Powered Offer Dashboard,0.483646443,0.620421483,0.471440229
6376a712-754c-420a-9676-bab9c784ace1,Automated Discussion Manager,0.579062941,0.484668112,0.384879231
9ebf2741-a4ab-48f9-b151-1e38e97934e1,Automated Perform Bot,0.687219571,0.516446923,0.460955558
219f4eed-bd40-4c93-b9f2-e73b5ade7eba,Intelligent Table System,0.651999805,0.507797693,0.596193969
eb06f3bb-a352-4437-8c4f-a6fc8f9efacd,Intelligent According Agent,0.782163107,0.45910642,0.367730319
0e729548-a703-4647-8192-753996a4554e,AI-Powered Sure System,0.69460954,0.548577242,0.607628769
e6ca2aa1-5d82-4844-8e02-8281c122b03a,AI-Powered Save Bot,0.468512805,0.519596026,0.290251514
bde3f490-38e9-4459-a738-ed277df13948,Self-Healing Grow Manager,0.497295456,0.554361323,0.502908671
4cb28ad2-b68f-443d-bc01-2e04f6df3788,Cloud-Based Clearly Assistant,0.408146493,0.406919508,0.508500888
219d39e4-2463-46ad-a9c5-8463d3f5c8e0,AI-Powered Source Assistant,0.709254866,0.46024356,0.490080356
830a9224-50b5-4f42-8b99-d193907c8828,Automated Blue Dashboard,0.509276441,0.324704294,0.28197461
2aefcb74-f8d1-43f9-84bb-ca4f93322cc0,Zero-Touch Husband Dashboard,0.508527218,0.577363988,0.259908238
8e7de616-52e2-4898-ba33-20111e6b13b0,AI-Powered Her Analyzer,0.578395116,0.526476587,0.604098483
32030696-a1c7-434f-a86f-655b7d66f87e,Cloud-Based Guy Dashboard,0.386997901,0.481228838,0.534233351
a84cdcdb-06ce-4477-b0d1-82633585fb04,Predictive Everything Analyzer,0.503568225,0.539346647,0.408572376
26cbf5fc-b57d-4013-93ea-5d5ea84713f4,Predictive Animal System,0.647597377,0.673856203,0.435642079
df916e7f-7f29-4ead-8c92-f94de2a438fc,Cloud-Based Machine Manager,0.636292577,0.506156731,0.53512471
ab947c09-5251-4aa6-b0ec-02a911736b1a,Automated Capital Analyzer,0.463030947,0.406543025,0.404723233
f146f68c-ca1d-4648-aeeb-7772bf82515c,Zero-Touch Human Bot,0.416396812,0.496463829,0.253799079
c0ed0408-0ac3-4df1-b857-fcde0956e0f7,Zero-Touch Old System,0.24596735,0.562830517,0.322935165
de076137-22ab-4669-9cf0-9578a51e2bcb,Intelligent Themselves Service,0.447685195,0.564417291,0.464822424
1258b1e9-daa6-4e2d-a15e-d29a93b71b4a,Smart Present Dashboard,0.50893094,0.45366767,0.531310632
a29674e3-b4de-49e2-9061-cf340a4c6983,Automated Training Optimizer,0.624312264,0.526769582,0.744925801
d9889053-549d-4f95-9f80-812062fc5f62,Automated Participant Bot,0.463265897,0.359777739,0.690055634
652a01fe-bb78-4f8c-952d-9c078b42c59d,AI-Powered Sea Platform,0.552204369,0.554410804,0.239799993
4901bfd0-7718-457c-a6fe-7f7facccd4d7,Cloud-Based Answer Dashboard,0.45146776,0.430572451,0.368624674
755685df-1688-4d3f-9887-9570093ad074,Automated Drive Dashboard,0.624518117,0.597628409,0.447354675
c44169a0-8c93-4042-9345-9ca21d1dbe9f,Zero-Touch Figure Analyzer,0.416034075,0.501363609,0.775616062
cc0cd3f9-8954-4d98-8d30-bb93c644127d,Smart Top System,0.421190168,0.477181357,0.604815725
634655a4-1788-4f3b-b3e1-524f2df42fc8,Automated Trial System,0.645400276,0.628892078,0.591166899
368021bf-733c-45bf-a89c-51251f410ae1,Smart Husband Service,0.519317805,0.555631924,0.480100759
5b4a4932-1438-4dd5-92f9-d4778f66e739,Predictive Long Platform,0.34865551,0.455837087,0.533951977
3ee5c6cd-c367-4e37-916e-6cbdc326f9c2,Self-Healing They Bot,0.394023092,0.457415662,0.522750063
27976f2b-30c8-4747-b130-f76f4325b82c,Predictive Commercial System,0.592297621,0.535536287,0.409622303
54cee994-5902-41e1-bc43-240ca4ceed63,Zero-Touch Hear Service,0.545506144,0.380285098,0.520446832
0374a2dc-ce10-465a-a2f9-408c40cd8982,Cloud-Based Religious Optimizer,0.58344958,0.588898776,0.572424781
d8fb5954-e5ea-4ee7-bdd6-3b0f4e3a7683,Cloud-Based Science Optimizer,0.64633717,0.290008153,0.370098413
d6d4b261-204d-4bf8-bf42-857fb51324b6,Self-Healing Result Assistant,0.464919431,0.668171923,0.516294448
cbc6e32e-ec2f-485f-a1d1-09530230e5e7,Automated Away Agent,0.355707159,0.475114693,0.250008201
897217f3-e728-4aee-aa09-0c5ed3cabe0f,Predictive Prove Platform,0.474948131,0.47093329,0.389016502
638e4792-f888-4f89-b8fa-1cff92258b1d,Cloud-Based None Dashboard,0.595162363,0.579945044,0.607628769
d96f6dd4-2e96-4ba0-a4e3-83458afd1dab,Smart Election System,0.534319358,0.456794734,0.508991509
24c11308-b284-4921-8bb6-0adc52fe958a,Automated Maintain System,0.408600501,0.727014488,0.391839484
a4e0d018-e636-4d43-a019-0c8ff6b08d40,Automated Expect Manager,0.417151681,0.675395795,0.375869102
9ee262ba-88ea-43f3-8dd0-d07de9ea2f2b,Zero-Touch Push Bot,0.522801825,0.47881254,0.337502057
7415ec06-93ad-4d0a-9291-18e2bbff65d7,Smart Onto System,0.670933633,0.416930533,0.486081345
829ce181-1d28-4983-8372-941eb2d4defd,Predictive Reveal Bot,0.63582579,0.447985135,0.587810576
ba523632-4a61-434a-8fee-7ef958678436,Predictive Threat Analyzer,0.540945306,0.607199997,0.607165921
58881187-563d-4614-8fa7-2bcd59f7d272,Predictive Stand Bot,0.419602462,0.499376012,0.540095288
0bd89cf4-0ac3-4cbe-9558-41843bdd30a9,Cloud-Based Drop System,0.690247332,0.508374834,0.42088375
a00c9f07-4c21-47ae-a76e-5e54e2c80d47,Zero-Touch Almost System,0.445407624,0.476416165,0.533654786
05782660-7b13-4a96-ba84-12cda84dfb72,Intelligent Four System,0.550141191,0.256121729,0.461150263
06622f22-987a-480b-80b8-1fbd429dcf99,Self-Healing Executive Optimizer,0.336377698,0.557183913,0.383419328
e3df14b7-ba2d-4773-91fc-9b2a3a5f4944,Intelligent Development Manager,0.508260261,0.618616442,0.359816252
6a3334b5-f6e7-4b00-88ad-1f4e0a309132,Automated Yes Agent,0.605448299,0.501881102,0.54031305
6844ba44-0b5e-4cdc-bf69-4f67e81b0580,Self-Healing Under Assistant,0.522801857,0.517574973,0.203836663
cba3b1f0-6e31-45e4-aa39-4a714352fb6e,Cloud-Based Forward Manager,0.49471641,0.451998818,0.347753844
0a451d7a-bb8f-4c2c-af4c-03858ca0a233,Cloud-Based Reality System,0.453518182,0.456407348,0.426107545
b0707745-b419-4abc-b18e-66eff08c74b5,Smart Individual Service,0.433520321,0.67695627,0.55542439
bf81982e-d5b5-4715-8ea5-886f5d32ba00,Intelligent Who Bot,0.363947202,0.581594588,0.471351143
f978f9de-5315-498a-8acd-2f805d8f66e6,Smart Low Optimizer,0.600090681,0.424941719,0.556997678
6e567ef7-757a-425a-9a0a-72ca6b6af02f,Intelligent Evidence Platform,0.652019003,0.529477662,0.474993714
9c3e97f3-b1c8-4f91-a8de-3cd2c6a818d8,Cloud-Based Employee Assistant,0.381402762,0.609365075,0.422731096
85ae3fe3-7682-45e7-a8ca-c78be0a0b1d7,Predictive Option Dashboard,0.340547172,0.56155792,0.386217722
a56608ca-08d6-4f27-b907-231bb6271ac3,Intelligent Everyone Analyzer,0.359525208,0.651382904,0.58782484
3d02b549-da49-4339-a703-870c1740bec7,Intelligent Pattern System,0.48059578,0.566562831,0.483721291
6e762a81-f7cb-4527-acd7-adf6f34b3cf4,Intelligent Water Optimizer,0.426500545,0.449265942,0.394371344
e2f8afc2-d1b1-4471-b00c-2d31ab6d3504,Smart Inside Bot,0.407688241,0.52139582,0.734021543
0ab89365-cca7-4cb6-b54c-8ab207b2ab0f,Automated Discuss Assistant,0.429205904,0.469838654,0.415471556
539b57e9-b121-4fbc-b53a-88e7ef57cd66,Automated Mr Analyzer,0.472250706,0.462614269,0.359454337
fdf3bbb9-bdff-4f78-849e-c394873f8abb,Predictive Benefit Assistant,0.541254418,0.397330133,0.545754703
25a767bf-4610-441f-9caf-2bdc359d53dc,Automated Anyone Service,0.329398455,0.328135552,0.317804947
5572497e-9ef6-4bc4-a593-50e73b586dd3,Predictive Break System,0.338876238,0.570840152,0.619307364
c810802c-41d4-4ba1-a209-3cda14b12fce,AI-Powered Product Analyzer,0.348936082,0.496716456,0.464291218
167e517e-a7c8-4f97-a114-da8bded8799b,Automated Structure Dashboard,0.601516815,0.291385626,0.525588916
d58ca903-028a-400b-9953-4f1f833a2d3d,Zero-Touch Knowledge Assistant,0.496275317,0.412382996,0.497284711
91895309-4582-4a02-9c4e-cd8590045605,Self-Healing Attack Assistant,0.444198393,0.419333463,0.32354593
da93f293-d782-4dc4-982d-9956e9fcbec6,Predictive I System,0.378057425,0.657731613,0.521831998
4b6e51c6-1e39-45f5-99f4-fa965f4e44b1,Predictive Management Platform,0.497432202,0.56036531,0.20901884
0af516a7-25e1-4aa9-8fd6-207c069a856c,Self-Healing Enter Platform,0.274061815,0.547733313,0.405697199
5f8492e7-2950-41b3-a98b-b05cf4e79114,Cloud-Based Traditional Manager,0.455235431,0.59983175,0.561903806
99c967ac-3b8c-46df-82ac-322e02b6a588,Cloud-Based Response Analyzer,0.348356663,0.688098176,0.482764075
d2f278d9-33ec-4eb7-b7c6-be235f6e1d1f,Self-Healing Building Bot,0.518430736,0.457345699,0.49245754
4c10c182-2d5e-492f-8f12-d061f66c248c,Self-Healing Value Bot,0.566718401,0.353855112,0.551493678
251dafa7-ec6b-40c4-a490-f05503a14849,AI-Powered Social Bot,0.668787842,0.419828861,0.337361644
1413a051-9356-4182-ab10-04ba97726298,AI-Powered Specific Manager,0.524883653,0.621843297,0.361917802
18ef6486-ade9-48b1-96a4-7c9208cf217c,AI-Powered Grow Bot,0.567145338,0.729682458,0.607006671
562932ed-06d0-47df-8598-14c72815c2b4,Cloud-Based Finally System,0.530137892,0.494436796,0.518667844
05b9bb66-1275-4103-8ee4-dffbe21f2902,Smart Coach Dashboard,0.674241949,0.452409411,0.226377865
7262df0b-d284-42e2-ba31-f5429962c4df,Zero-Touch About Assistant,0.478881151,0.542521555,0.619596543
f1f2c804-3fbe-42bc-bf32-80ae8bf2ffdd,Cloud-Based Type Platform,0.641670133,0.458004477,0.718579894
031da409-ed42-40b9-9713-bf641260e4a1,Automated Everyone Analyzer,0.516484457,0.347621635,0.455537566
31e82bf9-fa7f-45f3-b6fb-5fea9e2c6388,Intelligent Sound Analyzer,0.545800534,0.613063835,0.336864836
c3f6774c-983e-4c0a-9ae3-db096d880428,Predictive Movement Service,0.591932206,0.575005262,0.701641616
68a8113f-57fd-4022-842c-0c4a6e227f2c,Self-Healing Born Service,0.596823211,0.44923854,0.691191333
126f585d-260d-4730-903e-3faf08abef9a,AI-Powered Process Agent,0.431867893,0.524692094,0.623519639
d2e0b5ce-800e-4591-8787-e63b49b03579,Intelligent Thought Bot,0.600420677,0.370018097,0.447272916
4022a7b7-1e77-44d3-a8b0-e8a576bb921f,Cloud-Based Movement Manager,0.50283466,0.55266844,0.516051433
1ae89463-78ec-42a2-9269-d7595cbe702a,Self-Healing Decide Agent,0.333143701,0.387611133,0.642220186
985866b2-8585-4f7c-8eb8-cbfd889b92ce,AI-Powered Hour Assistant,0.564842425,0.414203581,0.2722724
10f980b0-a895-4507-a1e3-db7ace470907,Automated Color Agent,0.453139545,0.655037997,0.312526657
3973c75d-0549-4329-a780-4cdf772c96fd,AI-Powered Start Service,0.651849505,0.570915026,0.690999509
a9735088-2b67-407a-bd29-f2d3cfdc956e,AI-Powered Nice Platform,0.328198533,0.451956014,0.525486825
e1c3f005-9a26-46dd-b426-164035addf1d,Intelligent A Assistant,0.597197193,0.374104734,0.210880268
1b762bf1-4d70-4cae-89cf-fb30c9d6270d,AI-Powered Game Manager,0.291347703,0.546174589,0.355253006
374e3f68-1b8f-4895-9878-b180a2e12f58,Intelligent After Optimizer,0.505698093,0.483869154,0.367654358
fa397147-09ac-41b8-90af-3455400bdac5,Cloud-Based Woman Analyzer,0.377931947,0.45385544,0.629804751
11847297-ef35-4897-b938-459aaad4ec05,Smart Unit Bot,0.528601486,0.393864196,0.46675819
cdfda5c1-5079-4675-a3b3-9221e0196a1d,Self-Healing Surface Manager,0.682617987,0.450215829,0.411852183
4cd68549-8cce-4022-b20c-f171f2cd0b4a,AI-Powered Education Agent,0.594083689,0.663823573,0.460446884
9041fc5e-8336-4b82-9e5a-d6df9652a2ef,Intelligent Effect Service,0.406084933,0.630429722,0.582875063
79615b68-267a-484c-8642-53c58672da1f,Intelligent Our Analyzer,0.556701816,0.4429611,0.398503869
101bba9c-c856-4bb4-8d59-d91d5c3cd14c,Smart Bed Dashboard,0.571458302,0.648469681,0.590534554
c05e999e-578c-4d4c-90ee-7288aa15be7e,Self-Healing Mention Manager,0.530861202,0.439830054,0.60995781
feeff418-588f-4d4d-83e4-d277bd85e600,Intelligent Authority Service,0.21288476,0.618504621,0.61997371
c9fddea0-4229-44e7-89f4-a31a4c16a836,Automated No Manager,0.803542687,0.42478159,0.227713637
da3227c2-c456-4825-85b6-3511ef072151,AI-Powered Car Analyzer,0.354132566,0.323317618,0.274090157
f6fab85d-4c8d-42ac-9ef5-33d46b381109,Cloud-Based Receive Dashboard,0.356709898,0.785870944,0.445025634
9d9626c6-c8de-4a02-b513-c90cc027c41f,Automated Your Analyzer,0.593382686,0.584407991,0.457221171
e795baff-c037-4c5a-ad3b-48aeea7b661b,Smart Company Bot,0.303022135,0.685529589,0.614873197
ea0a431a-3e29-4a3a-a87b-e77866dec497,Predictive News Manager,0.712491327,0.541452814,0.447354675
acc2d362-4036-4ce0-ba66-beb2c7947084,Intelligent Policy Manager,0.310825314,0.392211834,0.407885416
947f6a04-c472-48e8-86ed-1241fee55d62,Self-Healing Development Agent,0.666472946,0.495520156,0.45029226
3154d7bd-5f7b-44a8-be4a-36ced23a6403,Smart Notice Platform,0.533259899,0.383762118,0.236978014
b7a6fbe5-ff0a-42be-90c8-e1c48ee34c2d,AI-Powered Show Dashboard,0.548403934,0.608262306,0.425531036
7df0e723-2485-4141-a939-d6752b628ecb,AI-Powered Deep Dashboard,0.339083296,0.346065579,0.505191695
cf34a19c-cb13-40f4-9d41-2a2a7e9107e4,Automated Forget Agent,0.476059819,0.441244546,0.470178683
682ea96d-4b25-4865-bf42-9c0e2e063096,Automated Remain Service,0.430906082,0.310701929,0.26742778
00856bf8-72e7-438b-8c6d-8a4adba18fb5,AI-Powered Hour Platform,0.52538684,0.528588384,0.41154846
780e00d3-d651-4e31-b28b-0353cf6342b2,Self-Healing We Assistant,0.659083925,0.499861733,0.397276613
39399287-2bd4-4846-a12f-c5a440d53787,Smart Live Service,0.592969247,0.598882649,0.299454389
6099f7d0-07c8-465e-bf4a-34d79e355562,Automated End System,0.495993296,0.616639469,0.302242488
b781c258-07eb-4e65-9cfd-6fd1540469f9,Automated Attack System,0.2773155,0.444089376,0.483397506
b61cfe29-dc3a-4ed8-a824-889cb7837fcb,Zero-Touch Against Platform,0.574049646,0.625127481,0.492183085
0da3bc2d-197f-4c38-99a0-4b9691cea5b2,Smart Once Platform,0.656568484,0.512773464,0.522907306
ee69b473-9e4e-4d00-a29e-d223ae84380a,Smart Per Agent,0.405907192,0.699198036,0.393502994
9d954410-db18-42fc-ad06-977cf5529424,Smart Account Manager,0.552490099,0.583890281,0.428590423
8685b5ee-64ec-42e0-b06b-c97bfc594365,Predictive Second System,0.584539904,0.499082041,0.365005302
e3edab42-b40c-4110-88b3-63d0867f4dd1,Self-Healing Artist Analyzer,0.527983048,0.468809643,0.62411653
606bc951-b8d9-4bbc-b39b-95ed82efcaef,Automated Author Optimizer,0.45698936,0.684969849,0.717098104
f3b13447-2453-4419-ac98-801a3c7df55d,Smart Almost Dashboard,0.476660564,0.430677705,0.54031305
d154b18b-2d27-4c1f-8079-bb4712e28ea9,Intelligent Give System,0.532633461,0.403495221,0.36307286
29684890-c874-4f10-bcd1-0262f46ebe6d,Predictive My Dashboard,0.700223793,0.616510066,0.449214944
232810a7-b98e-4fb0-b7f0-110b973d2844,Automated Family Platform,0.305115793,0.448741399,0.642302216
68ce6dbb-6f6b-4121-9e8a-9c177de4fc49,Automated Mention Platform,0.556955308,0.559336369,0.430130075
d4c6dcec-2061-44a5-8f18-f7b7ad69b740,Zero-Touch Notice Dashboard,0.59202132,0.318243804,0.338919859
38dc0ca1-6612-4fec-a52e-ef615a91701e,Intelligent Several Agent,0.477166533,0.476928441,0.492465617
f09795af-f34e-4548-812b-8bc2ec41786b,Smart Us System,0.376846899,0.513188966,0.26422973
8bcabfda-8622-4d1c-b10b-4ec40dddc7b0,Predictive Part Analyzer,0.382018272,0.400344778,0.550276698
485303e5-03a8-434c-917d-2998ea6765b4,Self-Healing Eight Platform,0.49882496,0.59417947,0.294691479
d664dc3d-c4c4-4628-a3c8-62ae4a772d89,Automated Material Agent,0.617931027,0.528493519,0.630199368
ae8322ce-8298-49d2-bbc9-d0f6ed5f8d0a,Smart Investment Bot,0.328494146,0.596510896,0.426449629
8de57023-0f98-452e-88b4-5fa784ae0f2e,Cloud-Based Between Assistant,0.655086062,0.516479472,0.337478857
66602e91-7b1e-417e-9bd2-5a61e2e94dfe,Automated Reason Manager,0.467264478,0.467992592,0.226819282
349ebfb7-e911-4130-8440-d8ef6135479c,Zero-Touch Health Assistant,0.644500709,0.43212348,0.485219645
a67cdc06-c7ba-4405-aca2-3cc8d8b195e1,Self-Healing Item Manager,0.332585511,0.57022417,0.531310632
2b6467d2-2159-4764-9d26-493a61f1d1fb,Automated Treat Bot,0.559766753,0.409834371,0.285917767
a5efad4f-47f4-4370-9b18-449f4bc89918,Predictive Arm Manager,0.450203948,0.633239969,0.277735148
b276c75b-71b4-41e9-9b2f-2fcadd049128,Intelligent Ready Platform,0.599765474,0.572265007,0.479278335
29297c2d-92f2-4459-8bed-697edc1f9cfb,Zero-Touch Billion Assistant,0.39391279,0.504610884,0.589648805
c00d133c-50a8-4fbd-bacb-e35fbaca03e6,Self-Healing Interesting Assistant,0.444704513,0.492047466,0.535170966
178f0718-17b7-4630-bccc-79c0405a6285,Self-Healing Group Manager,0.405718684,0.490627117,0.674805425
fd9077c4-3e08-47b6-af49-28f32db53e61,Smart Training Analyzer,0.451269138,0.542229852,0.459334241
8e10b4f4-c23b-4d4a-a89c-a69b6cb73822,Predictive Energy Assistant,0.603838292,0.521453537,0.706577129
e1d73648-69c1-4444-bf1f-d33c0da0665e,Intelligent Customer Service,0.529784912,0.544120999,0.460574421
e98b6e6d-c63a-45a0-a812-77de4850ca00,Smart List Manager,0.675628331,0.606014783,0.558461737
e8830dfb-e454-4bd7-b477-a63e66a6ac06,Self-Healing Cover Optimizer,0.546151012,0.563611076,0.734103253
165a9826-38bf-454a-a644-cb2fa36ee812,Cloud-Based Maintain System,0.593626084,0.543923595,0.649505072
779d464a-9bf6-4299-acd1-1c363a19769d,Smart Two System,0.461589531,0.636893724,0.604098483
6c6a7de2-e757-4e92-b36f-71fd8045abb7,Zero-Touch Bag System,0.57961483,0.59982164,0.187084932
7ece1dd5-62fb-430f-b855-75d30ee2533a,Predictive System Optimizer,0.537688468,0.538247906,0.795517735
9d1efe18-5375-4b4b-bf19-199bd32e8a36,AI-Powered Total Agent,0.680968612,0.395870147,0.659825593
adc7f488-468d-4dc5-a702-5ade0f63d0af,Self-Healing Billion Agent,0.359017427,0.731728445,0.473267514
b9054641-a708-4a08-af96-7d137e1e0c20,Zero-Touch Reach Platform,0.60176613,0.438950109,0.686049249
c84b2030-b6fb-4cc9-b5e2-a4e10fe51595,Self-Healing Think Analyzer,0.561215713,0.588099867,0.520346749
9eefee9c-ce23-4e66-8908-975e0b1f80a7,Automated Better Optimizer,0.625457396,0.392523203,0.563321288
a4af399d-a68b-408d-bdfd-679754fc5ab3,Predictive Some Agent,0.456272971,0.690016255,0.378359273
9e823355-75ec-42f9-be8a-e8f929065526,AI-Powered Economic System,0.431102287,0.317371238,0.403167537
16b949a1-03da-4cff-906e-4e94d7bc0f32,Automated Investment Platform,0.352744466,0.392678346,0.463794411
9b0a1426-7b4c-47fe-8c43-7a64ea5ab3b6,Cloud-Based Medical Bot,0.673819654,0.402362799,0.515388037
6b9a6a6d-2743-4c79-9ef0-57ac14017a05,Automated Treatment Dashboard,0.636859293,0.515529951,0.53137429
ea1f6c8d-d490-44f3-93ad-4a6ee2f22cf7,Intelligent Weight System,0.590138892,0.673409858,0.360771637
994376c1-91b3-481b-b6d9-b6162c030cd1,Zero-Touch Community Bot,0.581623705,0.317349654,0.505167574
d5b17ba1-baa0-4dd1-a66e-e1a8df1e544f,AI-Powered Able Platform,0.450978186,0.358504927,0.514250807
f80540a9-410c-488b-87f9-228efb5929fd,Self-Healing Evidence Analyzer,0.48648409,0.375173408,0.279852331
5d01d9fe-ee03-4b12-b880-863eba5a393f,AI-Powered Step Service,0.393616302,0.422496822,0.464299486
50b7ce00-2f75-4bcd-b3d5-808135d367fc,Automated Look Analyzer,0.510362823,0.538965884,0.527493752
28a122d9-c311-4141-80fa-a1505d167b2e,Intelligent Land Assistant,0.57196486,0.416143449,0.676228054
262a2a78-25c2-4505-86d3-a1d5f5b11fb5,Intelligent Side Platform,0.308847254,0.598876841,0.464617011
0c23da90-3649-4be8-9693-afee720c200b,Predictive Only Optimizer,0.54183067,0.264167618,0.420627904
58d92784-2623-4044-b34c-2e9cd1f0caaf,AI-Powered Serious Bot,0.450807038,0.402390405,0.307555168
d1e5129d-dd24-4500-875d-2c7c9910c228,Predictive Clear System,0.485205475,0.378228597,0.517612597
c7be61f7-5b3b-4d5c-a9a6-2bccc9e101c5,Smart Fine Service,0.436005048,0.615769462,0.460232709
76ffe5d5-17f0-48e8-9fd0-4e0d28556789,Self-Healing Article Service,0.46513629,0.441327461,0.12091224
7058aa39-51db-4590-b211-fb1e83435fc6,Zero-Touch Simply Optimizer,0.327959182,0.503907642,0.419270064
c073222b-1c27-4274-af01-7b2725e5dad1,Intelligent Ask Service,0.497155578,0.41481147,0.476355014
70004a59-97c1-4196-8570-4023daafa619,AI-Powered Former System,0.460403974,0.505876607,0.592506239
59680f40-b7d9-466b-9fc1-c8605876a071,Self-Healing Apply Optimizer,0.424724336,0.418053465,0.521255169
32c664ed-f8dd-4145-8004-0cbae87534ee,Smart Me System,0.660290759,0.506030802,0.520470031
e8a741be-b44c-4dea-8f91-fb98a315d256,Zero-Touch Wide Agent,0.513013133,0.341778843,0.475761722
7be54d6e-5603-42e6-ad5e-8f3ea936c85a,Intelligent Nice Agent,0.643465965,0.256883329,0.362331321
ea4ac8b0-1bbb-4b07-8657-b2f12449a7f4,AI-Powered Art System,0.528067727,0.453061617,0.583686128
5622dea1-dd06-445e-9588-f0b87237617d,Zero-Touch Be Analyzer,0.458124343,0.577692293,0.412882002
a3710bb2-3f7c-4617-8df3-a957ef174124,Self-Healing Cultural Manager,0.504680182,0.567284607,0.366251278
22e9f584-67c6-4e9d-b3a3-92da01753c4f,Smart Physical Dashboard,0.50674993,0.721219079,0.327682633
b0b27eac-a995-4115-a41d-34fac4489058,Self-Healing Republican Assistant,0.336220575,0.574080697,0.640215267
044f6246-e8ab-48e8-98b0-25d325836b2b,Cloud-Based Easy System,0.461907667,0.633792422,0.393157633
c359e06e-71ad-419b-8e2c-4a376eda6cca,Self-Healing Call Bot,0.511769908,0.551339502,0.467334223
504ecc59-4286-4c9c-8272-78c77b45cc7a,Zero-Touch Voice Analyzer,0.437007474,0.345854342,0.488820115
7fbfae68-9618-4ec6-90e4-d30771ec52be,Intelligent Employee Assistant,0.60250834,0.412267704,0.529911668
703d2dc0-9853-4750-a651-e72b040be7ea,Smart Phone Service,0.455859147,0.329802863,0.629614732
4e74cb91-1362-4939-a93b-2ef41ff64e09,Self-Healing President Analyzer,0.315442742,0.312646304,0.600824909
d6b95f54-e055-492d-9003-88731a61384b,Zero-Touch Kind System,0.454618275,0.494391337,0.23743637
93eb0abc-bdd2-4b49-bd38-17a5565c1800,Predictive Past System,0.451369493,0.535526028,0.487545226
097cd818-7fff-4d46-af4e-0daf8b12113b,Zero-Touch Necessary Optimizer,0.537502373,0.564110679,0.519104561
c27100dc-ce7a-4339-aa76-90454a6ad2b5,Intelligent Worry Bot,0.622438853,0.441385828,0.466988398
a6e6d325-76fb-469f-85c1-db454d5c69c7,Intelligent Democratic Analyzer,0.453557336,0.637160524,0.30291534
d8b2008b-9bc2-45b1-98c7-75c9d59a66ca,Automated Sense Agent,0.51430132,0.401910601,0.565115846
7f0e2a12-5668-4ec6-a4e1-2b9bb1d40cbe,Predictive Edge Service,0.196370146,0.546326777,0.58326739
b1774b63-d84f-487d-874e-dbf8e1b0b0c5,Automated Individual Dashboard,0.740111625,0.559532092,0.297229747
63c7773e-202c-46ee-a4b8-9b8d8025ec68,AI-Powered Remain Dashboard,0.615421875,0.489853929,0.67028343
5b4e2e70-c569-4506-a13a-510c36e7de2e,Cloud-Based First Bot,0.593835189,0.384113938,0.620835874
ed28d979-bb1e-4bdf-ba7d-6f0a564d21b7,AI-Powered Four Bot,0.357925143,0.630102973,0.379179866
89fd6ed2-4270-4b73-801a-0409bf3101f0,Self-Healing Society Bot,0.370093528,0.534113579,0.675005928
9d7fd88f-62b1-42d0-889c-598daa6d7b0d,AI-Powered Baby Assistant,0.499431859,0.465604343,0.464936516
13e56b12-284f-4b0e-9b69-470e8de7e88a,Predictive Low Analyzer,0.43278649,0.446753114,0.458633954
b2ea0a9f-ccfc-4f08-895b-393e386b7a16,Predictive Order Service,0.341061937,0.600960593,0.561806653
c0431305-b6f1-4538-acdd-528d1e7d1483,Intelligent Back Manager,0.499324212,0.469610344,0.471833019
12a281cb-450a-4ca0-b0ed-b95b967ab34b,Automated Different Analyzer,0.374146811,0.485413148,0.162688051
e2c0f403-e1ec-4f33-95a9-9b50cc1ceb65,Predictive Evidence Platform,0.317189919,0.565929284,0.536611967
53c4362e-37c9-44a0-a2c1-7e2e75410d40,AI-Powered Worker Dashboard,0.574925056,0.369605828,0.645357352
38772794-915f-4c1f-a649-98ee51ccf497,Smart Upon Optimizer,0.593068924,0.509603225,0.712858642
e469d11f-1cef-42f8-8289-90a72c2241da,AI-Powered Until Assistant,0.409709195,0.504984614,0.505142366
ce06a6a3-6d2c-4301-a03f-2bf2d75f7b99,Predictive Hope Assistant,0.601071796,0.679924457,0.501566254
bb1c6c07-b3e9-4430-93cf-ad732c0b2f6f,Cloud-Based Coach Platform,0.524823756,0.49683271,0.442669641
74eb65eb-de87-4fc1-8bf5-5e7edb8d8d10,Cloud-Based These Manager,0.46437824,0.505611329,0.498795557
5b11aa6a-c921-41db-b91b-83c6ebdb3834,Cloud-Based Score Bot,0.494516372,0.402588623,0.314778405
3bf1b309-d346-4d00-8344-8965ecf0f471,Intelligent Population Assistant,0.504695198,0.470813839,0.39456651
a2b2fefb-4a1c-46fa-9bc3-e14abc08ef15,Self-Healing Ready Manager,0.526014594,0.370542998,0.423104522
af99bd1e-d8a3-4b5c-95a7-ebf807cb7caa,Zero-Touch Across System,0.595687353,0.497399896,0.383314418
29156332-65b9-44a7-b65c-455aba76901c,Predictive Technology Dashboard,0.729900189,0.430770402,0.657785116
9c30e05c-92b4-48b8-8d3d-49239559c0d5,AI-Powered Firm Agent,0.742416967,0.586977068,0.380853944
f69f5c47-41e4-4b4d-a149-e18208d8672d,Automated Record Manager,0.602808016,0.354381372,0.36293302
8f1e62d7-9758-42cd-8587-7e25fe9ff98e,Smart Wrong Optimizer,0.420037523,0.344296659,0.396617754
1ff1ee52-6ca8-4d34-bd00-a5a70aa8b54c,Cloud-Based Center Agent,0.362529141,0.476015112,0.448408615
a0f7ea02-f211-49e1-a8b1-318eae978f02,Intelligent Business Assistant,0.3151975,0.514017928,0.42280159
638fd385-c427-4ac9-89ec-661b26654330,AI-Powered Both Optimizer,0.538986427,0.453384322,0.482900699
12e1e33c-29f0-4b57-82fb-f08f7790d3bf,Smart On Platform,0.367056947,0.588799316,0.401086987
e56f6e6f-71cc-4626-bb47-90dbca2f25c7,Smart Expert Platform,0.416596672,0.331498583,0.275271683
c533f14c-6463-45b2-a237-ce98c34b6bff,Predictive Point Optimizer,0.566397368,0.636640267,0.616274635
95d0313e-7864-498f-8deb-9c18ed0470fd,Intelligent Series System,0.3987929,0.474607846,0.275270833
31e0013c-fdce-4b9d-82a8-387cea4cf6cf,Intelligent Democrat Analyzer,0.464081529,0.576434477,0.421544298
c6c510ea-28e9-4a5d-b605-b78f1fb643c6,Zero-Touch Protect Manager,0.276506174,0.623628829,0.575926091
f00982fd-6f03-495a-b939-791e5b7b2c46,Intelligent Everything Platform,0.512774479,0.35585784,0.334323911
7db8720f-479f-40f3-a963-561bdbc94dda,Zero-Touch Middle Assistant,0.504577592,0.404843975,0.559841617
43a7665f-6324-42d2-a4a2-7f8826bbadb8,AI-Powered Western Assistant,0.45881697,0.509894214,0.269089281
b61f6800-817b-4894-a56f-16bedb9f2d5b,Intelligent Throughout Manager,0.6699375,0.631834893,0.61383352
c0f8db46-0378-4524-a154-6b73dd604518,Automated Best Bot,0.335426055,0.350342608,0.526085724
4331e3be-c5ec-4e2e-a77b-b9dcfd795edc,Smart Land Service,0.321666468,0.530844904,0.443707485
6e48c0ba-af15-4446-855a-ad6846b21dd9,Intelligent Factor Agent,0.308023057,0.605730611,0.289300748
bbd9dd72-5a88-431f-9415-1b200293f87c,Intelligent About Analyzer,0.385340657,0.18353747,0.658289728
2c94399f-ddde-4758-ad29-6b55517be4a0,Cloud-Based Spend Manager,0.470852622,0.52403575,0.364690114
bdf1ee70-24ca-4657-b393-103f3122d5ea,Zero-Touch Public Agent,0.376963006,0.413784957,0.563078274
f1d70ea3-911f-436c-94cc-ef572dec6d98,AI-Powered Color System,0.703370749,0.568784602,0.378277243
55fc7b25-36f6-4cd4-8810-84c5e5a45e69,Predictive Letter Dashboard,0.55878872,0.562292855,0.476281061
5016690e-3cc3-4cc6-a28e-2202348d6dbf,Intelligent Season Platform,0.630470479,0.417835739,0.416713743
5da58277-87d3-4dcd-82ae-8c52ae478731,Smart Option Service,0.687754917,0.550985414,0.558318905
e972910f-d6af-4fd3-9679-6641156a955f,Self-Healing Brother Platform,0.605333297,0.572647651,0.512699098
5140ad44-009d-419e-894f-bf3a8c911695,Predictive You Dashboard,0.516302642,0.617800109,0.686270942
014a88d8-af91-421c-b211-c57b553298c7,Smart Rock Platform,0.61233753,0.379506081,0.326804369
169bf92c-bf46-4a98-8481-109238f0d5eb,AI-Powered Church Bot,0.456060697,0.495485904,0.292651898
89dfb7c5-f5d3-46f7-8dd6-5865bbbe6066,Cloud-Based Also Assistant,0.587659613,0.601510425,0.63633347
066d6c13-fe79-4bc7-814d-67af6c646b43,Zero-Touch Hope Manager,0.397866902,0.53989343,0.284453886
b73f2e90-4d2e-4ef8-ac52-3c60b46b39ee,Zero-Touch Old Optimizer,0.396044261,0.479472398,0.379155507
bd4da25a-b208-4aa9-b0b7-ed672ed4a85b,Cloud-Based Law Optimizer,0.680036382,0.521921373,0.340086086
9e9c75e6-c364-424c-ad43-789598f2ed84,Smart Analysis System,0.276019563,0.614928994,0.579025456
efaebcb1-c82b-4ada-a196-d0f77097aa59,Smart His Optimizer,0.545207411,0.44504278,0.523047718
ad52f337-2b89-4080-9799-1aff9cf959e0,Self-Healing Worker Bot,0.558681089,0.544418153,0.420410142
046feb9c-8dc9-42e1-81fc-cd750c744272,Self-Healing Traditional Bot,0.494746286,0.558136217,0.477635332
36a37ca3-a067-41e6-be51-707b7bcb4d00,AI-Powered Way Analyzer,0.599888478,0.415808851,0.406229072
f4cfbc3c-8ba4-4410-ba33-5323f7012e1b,Automated Develop Manager,0.488957625,0.500693416,0.511134311
9804629a-e8a0-4a3b-b040-d9790578ae20,Intelligent Enjoy Bot,0.53423975,0.410732369,0.523229931
9ba4d85a-f83b-4792-933e-dbb51295a50d,Smart Board Analyzer,0.47956287,0.592238439,0.290452017
d5dfe3d3-3d95-40f2-b334-6f0f222462f0,Predictive State Service,0.466781179,0.518787979,0.518163808
4b778a98-a17a-4e0b-8927-4d90af7fb899,Smart Usually Bot,0.634746495,0.492938297,0.181108583
008a58b2-03bd-46b4-ae68-7f0bda84da24,Self-Healing Investment Analyzer,0.436935943,0.688645633,0.449951535
21125afd-414e-48e9-9a94-b32e75648e22,Self-Healing So Agent,0.419376993,0.326691895,0.577104621
e0920997-81e3-43db-af31-0f3e696d9a80,AI-Powered Wish Bot,0.361571375,0.35945015,0.571259157
22982125-9d89-45ca-8c54-e94da64edaff,Self-Healing Economic Manager,0.332535437,0.438132768,0.378917714
2d9c9c85-8fef-42ec-ab77-69807ef17562,Self-Healing Commercial Dashboard,0.587450227,0.385530966,0.452533063
782be856-08eb-4e86-b396-d64445d2ee1a,Automated Talk Platform,0.591982241,0.439368365,0.399706586
701f0daa-c0be-4624-8730-21bca0222a75,Self-Healing Upon System,0.595058514,0.39154361,0.470201882
ffa609f0-8c84-411f-91ac-2627c2c4e78a,Predictive Ago Dashboard,0.680001061,0.46328318,0.502788381
6afeeeda-4c6a-4d25-9335-ab344252eb26,AI-Powered Since Platform,0.423867885,0.53173154,0.282650262
8e50aaa1-17da-4157-816a-da9631280d62,Self-Healing Go Platform,0.53145684,0.560241056,0.563460989
1ecfd1df-52dd-46a3-a320-cb0d291a951c,Zero-Touch Word Assistant,0.41378899,0.538178708,0.410137163
9939e49a-8fee-4e53-ab2d-3e96e59630f3,Predictive Suffer Dashboard,0.56702908,0.512451101,0.463155949
e0b9f58f-2023-4774-869d-ae5feb29932d,AI-Powered Treat Platform,0.549099133,0.51283105,0.196369326
7e13deb4-c4bb-414b-b2c8-c0e0a3229095,Intelligent Talk Optimizer,0.409740017,0.47508839,0.568524035
76a06dc1-93a0-42f7-9864-d0745fd69656,Predictive Example Bot,0.404057962,0.580553391,0.382420063
95db95f4-a971-4e7c-8149-c73be72713cd,Self-Healing Store Service,0.589264067,0.454925884,0.446466316
6f665e9c-e69c-4c2d-8313-37206102528e,Self-Healing Box Platform,0.322203008,0.376537257,0.334461522
7651326c-aef9-4330-b514-aec629cf5d97,Intelligent Turn Agent,0.688577572,0.425201856,0.394542461
79244ca0-2940-4157-9ec8-3c51c929294d,Cloud-Based Town Assistant,0.500191488,0.419493626,0.563358751
8afde665-fad9-4893-8d7b-0735fc2ea7bb,AI-Powered Doctor Platform,0.438495724,0.489954046,0.579917855
a6c217b2-b987-4d8a-aca3-3196ced64664,Cloud-Based Technology Platform,0.628598758,0.665854929,0.618318004
8247a2c0-c03a-4246-941d-a9a84cef2c6e,Self-Healing Magazine Bot,0.638836796,0.648676761,0.541314277
af3fcbac-8f3b-4bcc-b9cd-d3aad7eae40e,AI-Powered Focus Bot,0.735054934,0.680162436,0.484006263
6a5e2a2e-44d7-4973-8ce1-640882aa816b,Automated Stuff Platform,0.535730738,0.741474448,0.471463429
41023402-9418-49f3-bd65-37271367220d,Zero-Touch Drive Optimizer,0.707114045,0.611860063,0.484737768
bfe71354-4d2d-4b83-9068-bd995e188a1b,Zero-Touch Agent System,0.622727032,0.354555723,0.509699815
ee1e0925-0624-445a-a562-8390c94b9fb1,Automated Data Bot,0.399186768,0.336567017,0.481444336
d424a542-7183-4754-9a46-8b6454b69936,Cloud-Based Get Assistant,0.726897332,0.437499963,0.285894568
9bd64a6b-f216-4748-863e-cd8ddec21eb3,Automated Treatment Analyzer,0.591325407,0.517800559,0.285208591
57c84b90-02a9-4996-b08b-c1bb1a4d610d,Intelligent Spring Analyzer,0.409050888,0.327521943,0.345345383
a65f54c7-0194-4faf-9c38-953119dee994,Automated Have Manager,0.471924584,0.475403245,0.37391324
c5f21893-10fb-4f41-9363-3c44659740a2,Automated Mr Optimizer,0.29164629,0.579764495,0.242578455
0b06cde3-28b6-4481-aa93-b8338a5ffb2a,Predictive Respond Assistant,0.404257838,0.499596866,0.496705079
3414fa97-9041-40f1-9400-62672e3e1bc0,Smart Not Service,0.609976309,0.416341724,0.459151142
0fdd5d6c-b51c-4fc7-95c9-556b31c98b15,Predictive Wrong Analyzer,0.547025635,0.266453077,0.582363919
b99dde8d-cfa8-481e-bf36-9e06367fd903,Automated Business Assistant,0.363901326,0.465158672,0.592572126
ea4c8e45-4917-4310-8cf9-e7a2cbb08a79,Zero-Touch Every Manager,0.442317926,0.645831901,0.244219229
6724214f-6c30-4f04-8627-a6a846fa400f,Smart Partner Agent,0.713617948,0.358003173,0.51173321
c3b7276a-8eb6-44f1-b902-2ecc1221ae91,Zero-Touch American Agent,0.61313215,0.542815477,0.083785694
d68644ea-8056-4712-8bef-c63a6e69ad9f,Zero-Touch Pick Analyzer,0.28730453,0.482647812,0.271949774
42b3a759-8c5e-4ccb-ad4f-53189dc16e91,Predictive Hair Manager,0.558646968,0.614332995,0.250560571
48e6d1f5-87db-48d8-bf19-36ac39619868,Cloud-Based Stop Analyzer,0.504442587,0.613108682,0.442419162
6644f495-f617-443c-aa7b-676221703d26,Predictive Least Assistant,0.238214196,0.429306703,0.45761149
8ef97132-2e42-4689-942d-94c0e5fcf3c5,Automated Much Agent,0.736352004,0.701124687,0.523927991
17f05e92-fd80-4356-a73d-da05b33fcc73,AI-Powered Image System,0.529364988,0.553724928,0.306439849
09e2d2c8-f75a-44be-ba5c-e57e2f7afa74,Self-Healing Part Agent,0.592486581,0.596571115,0.53543508
89bfcd37-d781-43f7-aa60-a343299f2757,Cloud-Based Environmental Agent,0.521617732,0.462403835,0.506225941
1b9b2bd6-d5c1-4e59-8b79-7cdefc53b270,Intelligent Section Assistant,0.558568955,0.525454898,0.520629282
e2dd7651-6f54-4604-a0e6-a772e36c37d4,Cloud-Based Ability Platform,0.450592456,0.579694953,0.220890419
9c153e20-8e1f-41bb-b0b5-6f0a279f04f1,Self-Healing Wish Manager,0.544628304,0.661810838,0.404103144
195a0948-0698-46f1-bcbc-f05da0a4d740,Cloud-Based Nothing Manager,0.47687993,0.683488837,0.269509508
9a2c70bb-9d77-4aad-a2e6-fb643dafc530,Cloud-Based Serve Agent,0.491438546,0.469732106,0.473904544
7eefb33a-5e75-4b72-b6fc-6cdfbaa040e3,AI-Powered Site Service,0.421568229,0.53085975,0.398435511
473b5ed9-0fce-465c-bca1-6b15281d3331,Predictive Religious Dashboard,0.513901337,0.407383956,0.434807815
0d876e6c-436c-49ae-b7e9-3d290157af02,Zero-Touch Himself Platform,0.580301281,0.62141629,0.514174846
268deaca-161f-4600-8dea-749c5123e765,AI-Powered Available Platform,0.697148456,0.514712465,0.669242594
f78216c6-4f64-44ab-ada5-5f9bef0e93a2,Intelligent Wife System,0.467145179,0.521691463,0.473821255
6f85a4e5-35a2-43ec-83c3-e84b2f55ac04,Zero-Touch Price Optimizer,0.373296816,0.409203498,0.33706418
9825df04-c775-44e9-936f-91795edf59cd,Zero-Touch Record Bot,0.629661565,0.480336128,0.475129792
2e3a684f-ce5e-485d-acb8-29038f023e81,Cloud-Based Capital Agent,0.474221797,0.603197776,0.39092193
47629ee6-1f5d-438b-825a-0d3cbf5e58d9,Smart We Assistant,0.425784185,0.638584581,0.336741554
ed87e838-ccd6-426b-b2c7-1ad7b45b0529,Cloud-Based Movement Platform,0.493575651,0.314082061,0.288289154
fea14a9a-9097-436f-b1db-9d3ff8ed39b8,Intelligent Reflect Analyzer,0.528985743,0.724692826,0.432183137
86d4f3fd-698d-49d7-9e52-6426c0766edb,Automated General Dashboard,0.50058003,0.502074346,0.529911668
6281acd1-71f0-438d-bdb8-23d0d4324848,Cloud-Based Same Platform,0.599524519,0.39269664,0.39710079
cf40b289-c800-4ef8-8ba2-f2b606839fb2,Predictive Once Assistant,0.375787288,0.537423671,0.545138212
13025b53-53a2-4213-ac22-d06f84ef33b8,AI-Powered Dark Platform,0.439252431,0.459386802,0.429384357
cebe1c63-726e-45c4-9645-6fbe0a0cc8f4,Predictive Red Analyzer,0.455573723,0.331829447,0.508922483
77d49e73-5ad2-449d-bcd2-db59a20e64d5,Predictive Hundred Dashboard,0.477962944,0.512758485,0.336204288
3ebf94de-9f86-477d-afe8-3584999f30e0,Predictive Smile Agent,0.636389171,0.359106453,0.31383733
3910f1d4-bc7e-4070-8599-d23952e6b2d8,Self-Healing Contain Agent,0.365094876,0.484596932,0.287233908
bd50a092-e9d6-41c0-bea8-c101216a6626,Intelligent Outside Agent,0.572585006,0.595775286,0.537202352
54c45ec4-f2f7-47e4-b959-7867a2156a57,Automated Into Platform,0.366162446,0.492832814,0.406436081
99761744-55cc-4e67-80fb-56cd88ae3f63,Cloud-Based These Agent,0.630334398,0.757766829,0.417664973
52a725be-f14d-4581-b6b8-a453b8d8a118,Predictive Fly Assistant,0.425229749,0.428725296,0.4618146
d9916337-7fa6-4003-bc52-c84fb36e97c1,Predictive Develop Dashboard,0.604406182,0.29349056,0.521776098
ce205f13-6b5f-4b08-b383-ece12517bda1,Predictive Stock Optimizer,0.517954905,0.583788685,0.523050987
155220a1-be9c-4fb0-a17a-8e6cc190d632,Smart Policy Bot,0.533253668,0.525028078,0.39578349
6730dec1-b46c-4c89-9dcc-0156c905eb62,Predictive Fund Optimizer,0.578186925,0.549115133,0.65494547
52f8ed3a-b197-4405-8fdd-1e917472b708,Smart Letter Optimizer,0.358662889,0.468884177,0.662240241
6c8d67bb-9645-43d2-9181-870c99c90160,AI-Powered Republican Service,0.534768865,0.531705575,0.575987724
3ea2a86a-f736-4d4f-b1c5-2315f2bec3a9,Smart Much Analyzer,0.391302307,0.600019949,0.568626273
4d1bdb1c-833c-4430-8bdc-2f9f71b619ca,Automated Student Bot,0.484735896,0.377852748,0.375242506
b9a411b0-0f39-41a1-8bbc-c9a497f9bc5c,Smart Style Optimizer,0.737370675,0.41972388,0.639828737
9f3b0a5a-0944-4d05-bd80-04055dae72da,Predictive Condition Manager,0.41262701,0.520871209,0.348371926
64948129-c8b3-457c-8e2e-1a93f8f322c1,Cloud-Based Become Bot,0.552763174,0.544622809,0.564501825
3d028781-ec8b-4524-a382-78f2abd10a9c,AI-Powered Myself Analyzer,0.453487702,0.50348472,0.445714082
9b1306d6-1884-4954-966a-3c82f684e835,Self-Healing Property Dashboard,0.435261109,0.311564423,0.650540688
7ee5d9f4-f836-46e2-85e2-9b76c043141b,Intelligent Government Service,0.314377117,0.403439461,0.583547915
c5681ea3-2dbb-4c37-add7-6d90bbc78ab6,Intelligent Tell Analyzer,0.534291953,0.624503951,0.506984244
8501cf24-11d8-4a30-9ec5-93ec536dbeca,Automated Easy Assistant,0.532538775,0.381097998,0.310159304
775bcd9b-8ab5-418a-97db-6d65a88fb7e3,Cloud-Based Force Manager,0.352513819,0.4691959,0.386258181
112d1e2f-3563-4078-96ba-7c1422476741,Automated Sure Agent,0.449057193,0.477583436,0.351993306
cafff326-80ed-4ac0-a333-943292f903e8,Intelligent Choice Bot,0.343668035,0.617095456,0.360029906
b3fefe75-1660-4061-b86c-56386fcfb8e5,Intelligent Any Assistant,0.664237814,0.382943154,0.601444999
ed48e6f3-5158-4788-a206-26ce45d701e0,Zero-Touch May Agent,0.687636125,0.391588721,0.635196465
52ed8e6d-d1b5-405e-881b-23e7d7f018ea,AI-Powered To Bot,0.619840188,0.543153005,0.560139081
600677f7-be4d-4c26-a944-f2ef290d9782,Automated Baby System,0.270948733,0.385481963,0.728864527
d4bb07e0-6b7f-476e-b887-7477eb437af1,Smart Join Analyzer,0.430253597,0.618811469,0.55938294
acaad4c9-2a72-4d16-9cfa-82b95b123ace,Zero-Touch Professional Optimizer,0.394849736,0.452372875,0.358352371
ce33d3ee-e3e6-4a8a-bc9d-0d0b0b9438af,AI-Powered Day Agent,0.4466171,0.502693992,0.27995509
e18425d2-fe91-428d-9aa9-5f77a326fe4e,AI-Powered Same Bot,0.439290817,0.568890246,0.305618937
98b63329-2d4d-488c-8985-71828cb8cbe3,Cloud-Based Miss Analyzer,0.687963688,0.611364498,0.344103196
c01d6d8b-b119-495f-9e82-c556ec5d5d84,AI-Powered Either Dashboard,0.426818059,0.668811628,0.386195372
25ba0b34-1566-48f1-8948-02db45793c1d,Cloud-Based Reality Analyzer,0.503510033,0.50443804,0.338943058
0bcff639-246d-499b-95c7-b1cdf593699a,Smart Accept Assistant,0.455671857,0.49923352,0.508782261
829c47a7-e600-4938-b3b9-2f8b8c4270b1,Automated Social Manager,0.449970244,0.606411097,0.364213706
a1d7244c-d7cb-43a9-b3f2-0051ea6da768,Predictive Speech Bot,0.331178311,0.386241569,0.537957056
4fc66655-e43c-463f-9c6e-22bfc8605c2b,Cloud-Based Both Analyzer,0.476637304,0.403257956,0.633918823
769f9635-4038-45a9-90be-856435ae72ad,AI-Powered Large Analyzer,0.490814311,0.303027818,0.548820857
0fec99c0-003f-4f3e-96ca-4185fadc54e3,Zero-Touch Control System,0.42840571,0.46207135,0.525410244
bf43770a-bd76-4485-bf09-04e596ad2131,Intelligent Safe Agent,0.629017733,0.4523807,0.395502116
4d449957-be39-413f-9fed-ff2e996b6c40,Predictive Majority Optimizer,0.502060633,0.462838047,0.482132119
16814248-cb93-4153-9b60-239632f79bbb,Intelligent Enjoy System,0.321526097,0.491273741,0.485242844
dc71996d-9abd-4151-9976-c38e3ed2dc8c,Self-Healing Thus Optimizer,0.472122295,0.637971561,0.391643189
4b4a7d79-502f-4b41-b09d-5cd7435b7f69,Predictive Loss Platform,0.599644739,0.465798116,0.477733406
83404c30-fc67-4ddc-a8ea-654d2b41ca57,AI-Powered Suddenly System,0.48202217,0.451290719,0.543655573
9126a972-9c40-487f-a62a-14206313ae0e,Predictive Region Dashboard,0.469926115,0.379134001,0.549773631
576b0afd-8f16-4bfa-82fb-a7d761db71c3,AI-Powered Operation Manager,0.727585315,0.613655203,0.41154846
11d41996-d1c7-46a0-8cc6-717a04ac1fbf,AI-Powered Free Service,0.340128874,0.455432521,0.41001995
6345cb9b-7046-42e7-b800-52850913c8a7,Cloud-Based Vote Agent,0.585630415,0.550910931,0.705881078
18249849-033c-4dca-bf45-cb1d3a9a9592,AI-Powered Position Agent,0.523247193,0.674424116,0.411853032
553a75a8-6865-4685-a012-2d9f36f9a90c,Automated Serve Analyzer,0.467071418,0.622648819,0.446635425
7c02603a-a71d-4c20-9e31-d3199d4d8826,Predictive Mother Bot,0.417483851,0.510373805,0.354887822
89b3148a-ca43-405c-8bfe-2bb5c715a40e,Automated Then Service,0.61777271,0.469210026,0.329744822
0be722d2-aff9-4356-9dab-9c04f3c84a5f,Zero-Touch Official Service,0.361761782,0.360646315,0.53019799
30f615e7-6e59-4d02-bbdb-d012c6fb87b2,Cloud-Based Watch System,0.516820328,0.399286833,0.594194848
58ac9a88-373f-46e4-bc40-9387b6ef8532,Self-Healing Six Agent,0.514596094,0.515735213,0.242763388
d02200e8-a6ad-4fe7-bc69-a06655d927cd,Zero-Touch May Manager,0.546569425,0.434748536,0.255344991
45cd435a-8e28-407a-98f0-3db93bf29673,Predictive Event Agent,0.709012206,0.469189215,0.346131369
fb9e07e7-0c75-49e9-8f6d-8b3413649d9d,Predictive End Platform,0.566391568,0.32664671,0.595089203
38713745-ba1d-452e-b68e-7706b4d0dd44,Smart Public Service,0.703451975,0.68839029,0.530552329
35ed9eeb-30b7-491a-8f8d-5ec1bda9908d,Predictive Space Dashboard,0.700071769,0.431316551,0.530630918
cbcacbf2-fec0-4909-89c4-d09855461a5a,Smart Near Service,0.299972414,0.377625053,0.474583655
67f3333b-5209-4b5b-a8b3-c801da150a91,AI-Powered Produce Service,0.432219325,0.549324439,0.239239994
3fecab0c-481a-4391-8f6c-b80efc2f6944,Smart Face System,0.23987981,0.461486468,0.460232709
d7238eda-90d6-4745-9328-4ea6d80eca59,Cloud-Based Bank Agent,0.421347954,0.447444062,0.420725905
d81beda4-1117-40e7-b741-de5887ead473,Intelligent Feeling Service,0.568729916,0.522778881,0.384735468
04c0adc2-c961-4ba5-aa8d-e4d098e98fd3,Predictive Expert Assistant,0.4514799,0.43661358,0.320841692
5a31e0b7-44db-4fd0-a2a2-57088d6e8df3,AI-Powered Front Manager,0.396962638,0.37035404,0.270128749
82562419-b493-4897-91c8-acd8f7094166,AI-Powered Now Dashboard,0.671006906,0.657657963,0.339864583
63d4ab40-e324-4169-9168-343ef0bd677c,Self-Healing Certainly Agent,0.533200494,0.459840103,0.337584087
ee4824ed-dcb4-401c-bd39-c410ac5bb936,Predictive During Optimizer,0.748872984,0.371727575,0.391079282
6e3d31a7-bd87-4067-8a8a-a61662ac9e37,Predictive Rule Manager,0.394763943,0.585293111,0.404960086
02cdb230-0fc5-48aa-b14a-1ed7a98b5874,Self-Healing Seat Platform,0.706360203,0.492488771,0.542696767
ce40fffb-2f46-49e0-88b3-7e6a7d943cea,Zero-Touch Attack Analyzer,0.438206619,0.484147644,0.348064604
65cd6e26-f550-40c7-911e-a843345c930f,Automated Involve Optimizer,0.417897853,0.3759459,0.297553531
7980781f-2058-49fc-97a7-7e6affcaf494,Smart Occur Platform,0.689446596,0.476771278,0.529572102
c1fcf370-5976-4159-ad15-89d722aa9271,Intelligent Just Agent,0.581180833,0.378823095,0.637458635
76178989-615c-4c5d-9a70-5e6de45e954b,Zero-Touch Design Bot,0.52631935,0.513930996,0.486379849
c8e2f791-a54c-4a9f-9e7c-a19dbcd2f8df,Cloud-Based Kitchen Optimizer,0.430685054,0.615654869,0.492044871
2060072f-8e84-4876-889a-6e3a4a96cb4c,Self-Healing West System,0.233808298,0.543958434,0.516082079
d4cec5b4-db56-4961-82c9-11aa4978dca2,Intelligent Pattern Optimizer,0.568502726,0.549873062,0.648501107
dc175830-8048-4a73-8089-6f98f4a17239,Cloud-Based Again Bot,0.470111139,0.316404297,0.390155931
09b78698-4bab-4c73-9bb9-8c21441c21cd,Self-Healing Up Agent,0.440656785,0.328035821,0.409101547
83af898a-ed3a-4268-92da-17e58d9441f0,Intelligent Parent Platform,0.555032724,0.467434819,0.5983575
8d8eda0d-2824-4de9-8d23-439a611bc1af,AI-Powered Me Manager,0.457179982,0.400170996,0.442208802
c6dcabfa-ee45-4ec4-b8e0-0f6a2c1faf6d,AI-Powered Yes Dashboard,0.405806519,0.513421841,0.481444336
18b13657-9d89-40f3-9624-af2ce55a0d02,Cloud-Based Fire Dashboard,0.63125658,0.499352527,0.541553229
6374e7a0-f424-446d-895c-03129b6fe951,Smart In Assistant,0.485068622,0.464975877,0.453374037
3c69cf9e-3d19-4ad2-be6b-8fb62dd48c1c,Cloud-Based Wait Platform,0.532510869,0.603861777,0.546339339
40de7f3e-6113-4aec-9c1b-bf304ca3abfe,Self-Healing Kind System,0.438664116,0.424664978,0.525425176
086e993b-7300-482d-80b9-6214a3c5884c,Smart Small Platform,0.508564059,0.353984234,0.301660849
30af7e2a-d49c-4b89-982b-1b4f2ff609ca,Zero-Touch Office Agent,0.44250191,0.541080718,0.258260984
99de1ae6-3c01-4c33-92f0-de5c577dfe74,Zero-Touch Player Agent,0.408046362,0.40043926,0.152678146
14cb8b43-3a92-43f1-a8aa-47eb86cf6930,Smart Discussion Agent,0.557092533,0.509764568,0.518607754
db0888e4-754a-40c1-a31d-e53c0a903ddd,Predictive Discuss Platform,0.418582219,0.537761304,0.518809105
ac805c30-b0bd-429f-9900-495d52334509,Zero-Touch Least Dashboard,0.548930837,0.631465411,0.458758815
cf19b6d0-2bd8-462d-94d5-ccfde84dbc04,Predictive Air Agent,0.661529359,0.429647701,0.32550536
cef672f8-07ed-46b7-87c7-8480465aad45,Intelligent Great Optimizer,0.429080007,0.502128286,0.552694944
38d7813d-97ad-493c-8882-2999989b3ba6,Self-Healing Respond Agent,0.605547418,0.659903016,0.481535229
5a647339-6889-487c-a00e-a22c59d4fa3c,Zero-Touch Interview Analyzer,0.45432473,0.473114285,0.458893287
63bea344-ef46-4378-b31c-177142c79533,Smart Company Service,0.654306778,0.51291868,0.716077419
b76ef996-8303-4ab2-84c3-8efc2368cc0b,Smart Manage Service,0.546657399,0.332420035,0.413071172
8d10d1f6-a276-4dcc-ae9f-f64781886af3,Automated Care Agent,0.67181412,0.634548386,0.480658736
cda8c9c4-3afc-4aa3-9218-deca76a49dd3,Predictive None Service,0.648820258,0.31379686,0.625496931
33945cee-3dd9-443b-9d6c-b9a4765e52b7,Automated What Assistant,0.486502831,0.567084322,0.500105191
99bfe661-a630-4cce-a0a9-02de43422516,Predictive Person Dashboard,0.389568319,0.33244716,0.556283432
9d494762-a772-40d3-912c-a324bf632c57,Zero-Touch Recognize Bot,0.344925299,0.482666607,0.516671523
25fbcbfe-b80f-4b75-b162-1384947ea6d1,Cloud-Based Because Platform,0.329518946,0.451782151,0.68491355
1756058d-4eb0-49f5-96f0-c7f4cd96e78b,Zero-Touch Later Dashboard,0.391339474,0.539821164,0.503828234
23da694a-6e95-459b-8651-71ecb290505c,AI-Powered Trial Manager,0.612664417,0.461006344,0.483374307
29aa8b19-9c68-4f9e-a877-ee59bc9c05f4,Automated Court Assistant,0.615226624,0.4525672,0.508073955
52cab327-98c6-45a1-8a08-d383837b1a5d,Smart Ever Agent,0.6356841,0.546684809,0.534930004
502e698e-9597-4705-8f00-b05252166893,Zero-Touch Generation Optimizer,0.462888568,0.558881255,0.442558225
928973a0-236e-4a4b-9c5d-dbf6e7f2b699,Smart Look Platform,0.45479328,0.400337485,0.58443985
ad976e14-e4d9-4f06-8a69-d4f554c5615b,Intelligent Green Dashboard,0.554731349,0.697417101,0.560699081
83bd96e7-247a-4656-af0d-233ce03c433b,Self-Healing Until Platform,0.545495271,0.475584587,0.341425426
fd3dd312-2e39-456a-897c-5c2062cef632,Smart Fall Optimizer,0.658577852,0.682817738,0.296001433
d13d7e0a-c8fa-4752-8cda-cbd5461e2470,Zero-Touch Theory Bot,0.482646776,0.438684155,0.531871097
7e66b5a3-45f9-46e8-b3e5-785294824a98,Self-Healing Entire Dashboard,0.272473971,0.537857701,0.409703584
ea723a5a-03c6-4169-9686-c2e44e5d7737,Zero-Touch Beat Analyzer,0.472839797,0.409457882,0.587512072
71290f08-bdc0-43ae-a972-90ba3f12377c,Self-Healing After Dashboard,0.527057088,0.54461231,0.583604098
84e0560b-2273-4aaa-b387-145d7ee6efcb,AI-Powered Notice Service,0.629708484,0.580082517,0.50340847
e7b330bd-9317-47a1-99bd-48f1c8d30b89,Intelligent Hard Bot,0.508823958,0.545936786,0.223579085
0fe3b717-0d3b-4d00-b718-60d7ef048a7f,Cloud-Based Rate Agent,0.558083712,0.672637985,0.504528025
9d9064e0-bf04-4142-bb2a-a49814632828,Predictive Statement Agent,0.363794165,0.613237189,0.151459158
b1289922-71ed-44a4-b1ba-8961c83d7f38,Intelligent Amount Bot,0.351741187,0.622461587,0.378212792
a5121dab-f455-4e42-babb-75b77bf836f2,Zero-Touch Allow Platform,0.495853629,0.464265565,0.631120892
c3cc02e3-f207-486a-a1f3-8a76629e104b,Intelligent Decision Optimizer,0.294395906,0.491311773,0.510327711
c5a5e9fe-6648-4c3a-b786-83fb953835a9,Cloud-Based Again Analyzer,0.601518523,0.508682724,0.228721169
37c3e160-61fa-40dc-887f-37e759105093,Zero-Touch Claim Dashboard,0.61969014,0.681076468,0.289300748
7be3d297-7b90-4f91-822c-e3f0cdad75d5,AI-Powered Card Platform,0.279656015,0.666153425,0.249565415
e6108fe1-b506-45da-b18f-cfb4ae95b952,Cloud-Based Relationship Bot,0.564591759,0.404382808,0.694073017
c3f87e2a-8fe7-4732-be40-c7bdd5917ec9,AI-Powered Organization Service,0.524922907,0.356208471,0.558818704
89964414-14bb-48ef-8b13-d1f8545bef30,Smart Make Analyzer,0.267833116,0.37033528,0.364893886
04ec052f-bf7a-4c4c-b252-9d0a3311a3be,Intelligent Establish Platform,0.667505403,0.589038184,0.46253385
496ff351-37a1-4473-b911-12a98133a1e5,Zero-Touch Home Service,0.525445985,0.597282013,0.254742954
4983b921-4ddb-4ac4-981e-eac159fe7930,Predictive Police Manager,0.442329776,0.481887171,0.639940153
74983d24-0847-4467-9e32-5c03903f0f75,Predictive Small Manager,0.742674077,0.592523207,0.519429195
c7545216-a178-42b5-bd9e-b5df9aa2aa53,Predictive Building Manager,0.402454776,0.565632221,0.403782159
6ec2f76d-c0d4-49c4-aa17-ab42de8de270,Intelligent Tell Assistant,0.541461722,0.323138057,0.458853678
e31a8016-5923-4f2b-b12a-3553f8834418,AI-Powered Foreign Bot,0.328227476,0.55526484,0.446466316
efc2eb8f-4b23-4490-9eda-c74aff39ff91,Zero-Touch Particular Manager,0.287694241,0.500037831,0.240205059
8796ef7b-70c5-484f-9282-3b8fca3639e9,Self-Healing Woman System,0.492270033,0.62963665,0.442206793
762a89b0-cc0c-4339-a5e6-59853c181c61,Zero-Touch Parent Agent,0.456891138,0.319901223,0.451912974
6cf86675-a71c-4237-b0ae-f6e54158fe7d,Automated Whatever Platform,0.285558797,0.399826835,0.654027916
0cb89396-608c-494b-8407-ffb4ea9e95f9,Cloud-Based Industry Agent,0.607221353,0.465422229,0.59689002
a65458be-29f5-46ec-bf87-a85f8cb81a4d,Predictive Senior Assistant,0.591132057,0.375084251,0.61725239
53650448-356c-4a01-a71e-f04e50a91e40,Cloud-Based Bag Assistant,0.429303451,0.577558083,0.372795593
04b2f127-e002-48e5-97c0-1bdc16f5d296,Cloud-Based Rock Bot,0.566855391,0.432615899,0.539714151
92613485-9786-435e-9452-dc05e2aafbd5,Intelligent Product Service,0.367917621,0.308634777,0.600128858
b50dfbf6-8372-415b-a5f7-7cdabb7e15f9,Zero-Touch Blue Platform,0.462884931,0.539215334,0.36841728
f445340c-4926-4572-bcf1-dd3817ab3027,Self-Healing Spring Dashboard,0.620628333,0.540032435,0.602347622
82bdc276-97dc-482f-a455-21f05498f9f5,Smart To Dashboard,0.823337989,0.580664405,0.300495225
91253e45-abac-4685-aaa1-8aa835c4f15a,Predictive Plan Agent,0.239482076,0.462542364,0.378536577
157d15b6-1025-4d2c-94e2-97d6fbe62a68,Cloud-Based Camera Optimizer,0.58855298,0.439702677,0.493266149
c4611920-6ba5-4cfc-a10a-3a60061d3716,Cloud-Based Others Service,0.413688022,0.65418039,0.386977513
0826af88-6d1e-4d21-b16b-3ca9f9622371,Predictive Analysis Assistant,0.452077253,0.415080093,0.612592181
3e657007-6fc8-4cb3-8e2d-ae7b38c4db7a,Cloud-Based No Optimizer,0.477037671,0.641855199,0.28681923
638b0671-4057-4108-9251-e8c7fef96646,Predictive Recently Manager,0.683835907,0.539140111,0.590423527
8dd68d9e-1e12-494a-9b4f-57a277f9c950,Zero-Touch Authority Manager,0.578586758,0.470810703,0.480271876
018938ed-0732-4a68-aa6a-9233297c6393,Automated Raise Dashboard,0.489743877,0.429827355,0.504150859
6aa2d6af-b5d9-4e3d-9e86-a0d36c51c855,AI-Powered Actually Optimizer,0.48604852,0.466414294,0.436884267
9dda9976-4949-4d24-a1ee-c2059d9cad7b,AI-Powered Kitchen Manager,0.402776722,0.561802244,0.649183296
d4d5353b-81e2-4d99-8b34-aa32cf9e70f7,Smart Might System,0.504311763,0.501681194,0.416711735
322a7e89-b661-4fd8-a633-f8624b7e758f,Automated Lead Optimizer,0.581461205,0.62694261,0.486518063
d1e2f1b3-fc6b-4802-982d-2ed4f810f43c,Zero-Touch Prove Agent,0.501151874,0.449341706,0.484702314
3c89d3a7-baad-4e30-927e-7a7473313f20,Automated Them Assistant,0.604606532,0.590549758,0.516151534
6d49ed97-d207-4c4a-af41-9169d3a15b1c,Zero-Touch Second Analyzer,0.57411798,0.489436084,0.420627904
87d5c4c0-446b-421b-8652-ac96ac59c997,Self-Healing Learn Manager,0.540347169,0.5581361,0.397046019
f9b0c4cc-2f0d-4a4c-b556-fa1e609f38e5,Intelligent Similar System,0.573574056,0.405102116,0.606388589
5920b8d5-de6c-4bc7-b836-e1446c1da2c5,AI-Powered Rather Dashboard,0.659986062,0.558493473,0.305499096
f028f735-4cb2-4341-8ada-8ba1463ede50,Intelligent Power Dashboard,0.626434721,0.499115452,0.434004353
a13b98b7-bb56-4ea5-9e02-89b6bc34e2ee,Predictive Wide Assistant,0.764950205,0.537149818,0.420868819
73d1f42a-4084-4275-9190-03882a3d898b,AI-Powered Stage Service,0.53788435,0.5045642,0.49672627
ff086760-694b-4fbe-8942-9c697f0e26ec,Automated Make System,0.50186332,0.759802436,0.312021582
a39e9f47-3c02-44ca-bd9e-7cbb1536f3dd,Automated That Agent,0.49534682,0.504241631,0.702957756
ab98f1dc-279d-43fb-8cc9-9bc1b228e38d,Automated Person Platform,0.558593518,0.448437281,0.64674218
574a6b14-6f07-408f-96f4-e8f9dc89302b,Smart Future Agent,0.561261346,0.276965411,0.530310255
0ed5c2f1-13c3-4825-98ba-64844ab5c536,AI-Powered Else Bot,0.415001407,0.280250091,0.28741728
1c78a33e-556e-4b19-a71c-af7d31f96ed7,AI-Powered Worry Service,0.375926723,0.545702224,0.193667699
0006a937-c5c6-4736-87b1-5872d455a817,Predictive Family Agent,0.527915587,0.614214869,0.402065571
288ccf9b-e35e-46eb-8600-1247287e14d4,Zero-Touch Little Platform,0.520705552,0.662191998,0.407545212
93099cf6-af49-4518-a6c8-0a4fe42a47b7,Intelligent Social Service,0.425538131,0.579207149,0.394082625
b1a096af-c13b-44a6-a917-677eae8638b7,Cloud-Based Over Agent,0.4817576,0.479455885,0.555020196
131a7f4d-761f-41b0-9cf2-7a973929f4a2,Self-Healing Relate System,0.594459452,0.36460779,0.716478014
bd2a460f-682a-4129-9238-33a736088e2e,Self-Healing Great Optimizer,0.513109517,0.419797978,0.374295955
6aef59d7-1d64-4279-975c-81f0a0ad2ea8,Self-Healing Miss Bot,0.660716092,0.411074153,0.376772903
9cd51437-ee97-41f3-85ce-ab8f6e057baa,Smart Garden Platform,0.677839161,0.534414032,0.577841924
2e889779-5975-455a-b717-f0a984141ee3,Cloud-Based Method Bot,0.607869767,0.630116183,0.556342134
750cbeb6-17cb-4cce-beb6-5dc8ce3525ed,Self-Healing Hear Dashboard,0.576786143,0.467035736,0.541494718
5b3ee5bd-7268-4cf6-ad8d-fa68883e13d2,Self-Healing Evening Assistant,0.457956368,0.53246339,0.377532612
5d7a221d-9c6d-44d5-b6bf-72f544962a9a,Self-Healing Far Dashboard,0.398929421,0.472040618,0.388222696
cabaaee0-76e0-402e-92f0-96e246cd3893,AI-Powered Pick Service,0.536239121,0.460166806,0.584182936
847a330e-b3f5-4073-9ef7-cabc378a657f,Predictive Up Analyzer,0.657697693,0.745950321,0.618341203
07008952-3ebe-4c7d-a546-86b03b869576,Smart Only Service,0.436484657,0.569953249,0.577262293
a9421ef8-7612-4366-8727-5f6464e63d93,Cloud-Based Nation Dashboard,0.374324492,0.346765034,0.522155783
1eca9da4-d956-4311-80e3-7d38bc2df400,AI-Powered Bed Platform,0.569740909,0.724796045,0.402745751
64401e01-e170-43a8-af19-f98ead7ba067,Zero-Touch Service System,0.484654894,0.455752676,0.475519262
5f719637-7642-4cc1-a7d3-80f7d3f98c15,Automated Middle Optimizer,0.585326788,0.544048831,0.531463377
c53c61d5-4313-44cb-bf04-63b3799b1ee3,Smart Son Bot,0.514483027,0.575958921,0.354334603
9ce12106-4dbc-47ef-827b-a9009d94162a,AI-Powered Rock Bot,0.539333468,0.426699316,0.583644557
ac89379a-0f97-4db8-b1a6-50dc95dafc08,Self-Healing Race Optimizer,0.633012431,0.571565351,0.374939244
aaeb4655-ec2c-423e-b090-90bbf0744a38,Self-Healing Military System,0.548602611,0.525752223,0.294650227
056978fb-6433-4289-93df-b7cd71b9ac23,Predictive Structure Service,0.345785991,0.355123391,0.373010617
92d15b24-5615-4119-ba3e-179572d215a0,AI-Powered Better System,0.520561874,0.407745465,0.372201971
f489b2b3-f38c-4d3e-8645-c0799a72d8b0,Automated Do Platform,0.397015185,0.673747857,0.539535289
6c596961-b581-4262-8b7e-93c40a16fa71,Smart Role Manager,0.420909568,0.370399126,0.40939986
4069780e-b3e6-4e62-ad75-3604c20401b3,Predictive Follow Manager,0.49014071,0.422618809,0.443039252
5caa85d9-f6af-4f0c-ae70-bc4835cefb48,Smart Party Assistant,0.595568856,0.713524516,0.500206853
a6a92ce8-0967-4ae4-9396-f5db0f5b5573,Self-Healing Material Agent,0.404041481,0.412945215,0.548248911
d4c26780-c646-4889-ba18-66803d424346,Automated Nice Service,0.694971098,0.609565685,0.322223721
ac15f875-29eb-446a-8f7a-087866df5ebe,Intelligent Large Bot,0.452808276,0.344286317,0.602767209
8e9f0f85-699f-44d4-8132-994dde7a2996,Zero-Touch Oil Assistant,0.42854322,0.516966652,0.519824734
ee45ee4d-5f0a-4d39-bbcd-f4b7a128ccfa,Predictive He Manager,0.676407013,0.315716394,0.386217722
de1b0dde-22be-4ab0-85d0-6438a3dc8e73,Zero-Touch Long Manager,0.477909727,0.47588458,0.655986497
56714ab6-6116-4bbe-950f-a453f6042730,Zero-Touch Follow Dashboard,0.618772815,0.532079979,0.166604887
33605ae6-b3bf-408c-9231-fadaff7936f1,Smart During System,0.326510493,0.535353271,0.399336126
445c4caa-348f-4594-89ef-5357b8b2d9e5,Cloud-Based Set Service,0.539230343,0.49905143,0.710920403
47ed74e4-d114-4be8-aaae-c7c161346715,Cloud-Based Four Platform,0.33068022,0.603159939,0.447875604
edd0d8ae-39ec-4e1a-b9e5-7e3f90de9d33,Automated Situation Assistant,0.541196446,0.575586818,0.678830712
716ca367-e1f3-4f69-b677-e2215b9712e7,Self-Healing Sound Assistant,0.56460484,0.360434092,0.675287301
8cd6c0ab-8cd3-4dcd-afbc-525bbc28cbd7,Smart Crime Analyzer,0.423704115,0.413539542,0.347164401
d743591e-3fbd-409e-b16c-a38f3a5ee262,Cloud-Based Direction Assistant,0.599086411,0.383351292,0.414509754
38d22681-d1b7-4354-907c-056ff8fde7c6,Intelligent Member Dashboard,0.379319391,0.493372892,0.183268324
b87082d2-4e3a-4011-8e5f-e29ef5848569,Zero-Touch Shake Manager,0.46412144,0.386250863,0.521831998
6a2c25fe-e2a6-4c59-ac72-564468afe1d7,Cloud-Based Soon Analyzer,0.378028524,0.555831374,0.591442204
5d24b6e4-fdff-4753-8c3b-bd03297511e4,AI-Powered Picture Assistant,0.378998334,0.595100421,0.397238482
d30438e4-c8b7-490d-b673-dc10d9b7083e,Smart Black Bot,0.399983639,0.460006255,0.619996909
d1843642-5810-472d-b48f-91cc2e67e6e4,Predictive Daughter Assistant,0.528162038,0.318642604,0.547979073
3943853f-259e-4d27-a0f4-fdd6d4d7c2a1,Automated Dream Bot,0.611791107,0.348375875,0.379074956
d9f89b84-b70d-4d94-94ca-4d2de385c4dd,Zero-Touch Country Manager,0.642819542,0.555721169,0.397121981
9a84ad1c-275e-4fad-bbac-ae9689c76f50,Self-Healing Address Analyzer,0.480458782,0.623265512,0.405740029
86c42cf7-3146-4306-bfec-04a18b63e4fd,Self-Healing None Manager,0.324536259,0.307831249,0.515125612
12eb0bc8-cb02-4c4e-ab35-1d537a98c125,Zero-Touch Eye Dashboard,0.56787712,0.555317664,0.498724599
7388f48f-b93e-410c-88fe-9c26c222c71d,Predictive Arm Analyzer,0.687484248,0.408159365,0.437066717
590a4040-e643-4e67-ab88-3f6ea6c1f44e,Cloud-Based Final Optimizer,0.434725988,0.359875153,0.401644825
e07e8de3-a7f0-4514-8bea-90fff9063380,Zero-Touch Yet Bot,0.496488169,0.478172478,0.253523965
70799b0c-615c-4dae-8efc-87b074b12fe6,Automated Pull System,0.58741912,0.214368509,0.513465669
e73bbf77-1e5f-467e-bd2e-c18cfa9f1159,Zero-Touch Soldier Assistant,0.650784169,0.537829935,0.338293263
4517368b-5994-4493-9788-c67763a3a8d4,AI-Powered Board Optimizer,0.346798324,0.537762494,0.4644145
c68a9b0e-9b4a-4f05-a1a8-d14ce2fc7803,Self-Healing Actually Analyzer,0.483038449,0.636430318,0.457330117
ffd541e6-26cf-46d4-8b92-547f88b949ae,Zero-Touch Feel Dashboard,0.360737886,0.477137173,0.540095288
02ed4011-68f6-401a-b2bb-043ef8a66480,AI-Powered Measure System,0.572866562,0.391469221,0.390739717
d082d725-380c-41d4-a7a3-8903d6d5f599,Cloud-Based Grow Service,0.415556484,0.700494108,0.478217291
1b76dfbb-e6ac-4fab-9fa9-c97b2cd20d18,Zero-Touch Approach Service,0.654596945,0.419487049,0.46381761
4c7f3ce8-08c9-4d83-974f-88412adbac2d,Automated Yeah Bot,0.336253301,0.327652896,0.628275392
5b619647-5bfc-4605-bfa2-dee218d046db,Intelligent Mean Assistant,0.441191504,0.426138728,0.480360761
e1af9153-d7df-43b8-98a1-d03d86dc1ab7,Automated Term Dashboard,0.32610519,0.617381078,0.365578427
e331b422-cd10-4a16-9ee6-d44808401d09,Zero-Touch Institution Assistant,0.402330282,0.454102954,0.668691383
8eb729ce-2e30-464f-bcd0-d573e0ccaa51,Automated Back Agent,0.552229139,0.519001544,0.291791357
dc2aacf7-548b-43e2-b993-f888ace7ec91,AI-Powered Professional Service,0.239391802,0.385771365,0.272295599
1757a2d7-84e3-4a23-a1df-bcbd3d0ed2dc,Automated Argue System,0.398542226,0.490184402,0.521369662
791edffe-7d90-4541-878d-570e60883368,Predictive Church Service,0.600177333,0.684010994,0.556053804
a98f0fbf-c154-4bea-82f4-ee081d7919e3,Cloud-Based Order Platform,0.57890168,0.573505789,0.526534946
7e595970-281c-48d9-8068-d19b45eb532e,Predictive Bed Service,0.648163396,0.502903599,0.403752891
9dc2502b-949b-433f-96d2-7ab04a9f92c5,Self-Healing By Bot,0.436602114,0.573410718,0.403982662
8a2d40cc-f8d1-41b3-9912-3686d3ed3e7a,AI-Powered South Platform,0.385973459,0.437063901,0.640421839
393446b8-e749-4077-9931-d87665574d47,AI-Powered Police Analyzer,0.529026458,0.468370902,0.398322917
b97bd409-9e81-4686-a792-a89085ee4e6c,AI-Powered Street Optimizer,0.429848323,0.550568108,0.686553475
1ea9a955-c93e-495e-a15f-57365dda38ba,Self-Healing Draw Manager,0.429698531,0.542147874,0.409622303
618284ce-e18e-44a4-85a3-8aed28c440a7,AI-Powered Necessary Assistant,0.627056565,0.558237544,0.361214423
f67ee976-b181-4b1d-92b1-88cfa5c50440,Smart Little Dashboard,0.600618336,0.573771621,0.392461582
3764fb11-ebc2-49b8-a958-992b294cc783,AI-Powered Level Assistant,0.407994384,0.651694874,0.419723273
24be9970-3b78-44a6-bbcc-0751dfc8ae42,Self-Healing Trade Assistant,0.370507779,0.471817085,0.452456253
26ed42a3-a692-4f24-b125-3b34f303960d,Smart Laugh Assistant,0.500765623,0.648078516,0.537893399
cdb187c7-1a13-4699-9107-de9e888ca584,AI-Powered Outside Agent,0.490537634,0.444583986,0.271370937
be168a48-fd08-4039-9f78-5045e8287d33,Intelligent As System,0.667660541,0.603003131,0.367728311
1b2e411f-d0e8-48ed-a0fb-66828e717dfe,AI-Powered Sister Assistant,0.720940849,0.599156335,0.339465996
4700609d-a6a2-4a72-b3f3-9823154ee19a,Smart Yourself Platform,0.772911369,0.383484931,0.60296856
983eea2a-63e7-4edf-a3a8-73beb55a306f,Self-Healing Despite Assistant,0.605305351,0.509032754,0.394880018
c5f20aab-85fc-42ce-8dd6-06565adb0c2a,Cloud-Based Development Dashboard,0.378186803,0.380226812,0.5410812
502d6c39-4adb-41b0-a77f-2d407a12649f,Cloud-Based Recent Agent,0.407671239,0.322679119,0.500270511
44c30a0d-4a37-458f-9e1d-21e7bd0afede,Zero-Touch Close Service,0.565762363,0.496473967,0.359478696
f7435733-1a7c-403f-8b1e-984964662a42,Intelligent Consumer Bot,0.496327468,0.509035216,0.561172689
954c7d2a-7d71-4146-b2f5-6fd993420640,AI-Powered Bad Agent,0.28367738,0.528067231,0.509507119
f8c2eeb9-d32f-4354-9ed7-8348b85aa846,Smart Able Service,0.526434832,0.557298597,0.376772903
88429af9-2ef0-40f8-a3d9-01772f8e0d0a,Automated Little Assistant,0.326557285,0.506069245,0.325009812
06a33b0a-e6de-455f-9baf-0d56067ea682,Zero-Touch Phone Analyzer,0.411900388,0.54256754,0.300518424
2323c1ae-4764-49e1-81ec-dfc46e2aafad,Automated Film System,0.647449065,0.523466681,0.457818062
cbe1a631-72c8-4bf4-a200-4dbb4c2d84c1,Automated Each Manager,0.483232627,0.563310123,0.671275989
a7396122-5792-4099-bd58-2887f61762b5,Cloud-Based Seat Optimizer,0.491590613,0.621345478,0.519066431
963b1558-705c-4a83-adfe-1b8c5cc10f8a,Intelligent Scientist Assistant,0.54448363,0.625341455,0.505323319
d3bc19c4-319d-4e79-bc10-d59bfa9e7bf7,Intelligent Long Assistant,0.689803307,0.411784984,0.138575838
c2816c3b-fbf1-49ee-8d0c-c59adfad3bf5,AI-Powered Right Service,0.456605483,0.526589916,0.615114158
9176725a-67a5-4932-8539-844fddc5b262,Self-Healing Window Agent,0.603611394,0.586192004,0.561918069
08d57c5a-830c-4a87-bcd7-5f375b64966f,Smart Store Dashboard,0.489057684,0.383173317,0.78427476
c5b30ce2-1398-4a8c-9818-201694c3dc22,Predictive Process Assistant,0.531158693,0.627217907,0.428887887
fd3083ff-d7e7-4803-b6ba-2a3a303c49a7,Automated Recently Platform,0.50502014,0.510234132,0.557168795
eaf77a80-f937-492f-8c89-05b670dd9bbc,Cloud-Based World Agent,0.475133473,0.438965579,0.516671523
1ee1d0e1-9688-48cd-a6ba-1cba4a2364c5,Self-Healing Large Agent,0.544207919,0.686291096,0.631811475
c6dad752-b744-40c4-84df-a5f4ced90f91,Predictive Off Assistant,0.334279295,0.498659933,0.33926522
13e75c28-8873-4e09-a613-a1fc7d5b1eb4,Cloud-Based Raise System,0.467047603,0.504595547,0.400542859
80189fa5-d3c0-4d88-8879-3b7444bbde5a,AI-Powered When Optimizer,0.433287931,0.321138657,0.440526839
b1c261e8-d6fb-4471-97a3-36083cef40ef,Self-Healing The Agent,0.603096194,0.461383404,0.605713729
1b61d5c7-0bc8-4334-a050-99e85c17e883,Cloud-Based Away Analyzer,0.353869639,0.53981479,0.447051414
bd3194a1-921d-4327-a9d9-50253ef8ca28,Smart Company Analyzer,0.422104792,0.470257083,0.269928246
bf76d6c4-1e59-4272-ab8a-5e055e46bad4,Intelligent Food Manager,0.565420818,0.460435084,0.576227525
ec5931fc-1f58-4947-9c3c-58641d3f3943,Predictive Smile Dashboard,0.605764764,0.402246311,0.702255636
6a29da00-c62c-4e3b-aa6f-13dc62ea4944,Automated Outside Dashboard,0.538788645,0.609386148,0.24176366
482fc51b-8ebc-4c2f-8405-3960c36f4c85,Self-Healing Fight Dashboard,0.54954721,0.402618458,0.522609841
f286bafa-bfa6-4320-a384-e388c467268a,Smart Capital Manager,0.407712747,0.353253346,0.297173893
5a9b7f4d-35a5-4220-abc6-ec387cfe644d,Smart Risk System,0.583277751,0.579853547,0.307178001
71bcb3c9-baf1-4b6e-8fa6-f947233d7c4e,Predictive Scene Analyzer,0.217453619,0.555005458,0.181163973
9fcc1de6-d327-419c-bd3d-976068934006,Smart Yes Assistant,0.32680988,0.582496106,0.378351196
3d83f3ad-4779-4706-8aeb-b5d378e73407,Zero-Touch Month Platform,0.4957064,0.847466713,0.39982001
d8a0bab8-f6ab-4ca7-bf60-5968d34ac02a,Intelligent Minute Optimizer,0.4655751,0.425213041,0.619596543
2666d3d5-9175-41cb-89c5-5d3ec696056e,Automated Be Analyzer,0.560484215,0.53178301,0.50940436
3fccd301-0fa7-4a1a-8e07-b8c12796b4cf,AI-Powered Among System,0.547277314,0.518788433,0.391558959
6ae77ad4-2dc1-425d-a227-37dfc0412060,Predictive Lay Platform,0.534112335,0.349365246,0.601866595
3c3399fb-0447-4c77-92c0-0ce52d29115e,Predictive Future Analyzer,0.535689777,0.202665463,0.583547915
49e616c1-b6d7-46b5-97d4-166f67a3bd25,Automated Enough Manager,0.685350078,0.456021838,0.607850462
367b447f-c3b5-4ffe-8945-b1238231be90,Self-Healing Benefit Bot,0.498812088,0.657749821,0.449913085
a3f94fbc-3eba-49e9-8874-5b622cea1ae2,Cloud-Based Represent Agent,0.400823617,0.485515948,0.589183348
2dbb85e8-e4f7-4336-90bb-d9f18e832c28,Zero-Touch Traditional Assistant,0.647148295,0.434284126,0.434048873
8ba6a883-4d4c-462c-89f5-53902657e99d,Intelligent People Agent,0.585951963,0.557025765,0.330482573
84bdbd90-6acb-424d-b65a-d27bbb6114f8,Automated Southern Assistant,0.386400105,0.582747568,0.42517109
84b54fd0-8fca-47e4-bc18-8af00f2ae59f,Self-Healing Term Platform,0.537192205,0.51223214,0.708619848
a0088e86-9683-473a-a7a3-06d8c083217f,Smart Part Analyzer,0.455537426,0.504294203,0.396215569
8b752776-58ed-4096-b06a-cfcb390a0aca,Zero-Touch Source System,0.350740655,0.480160721,0.484581832
a646476c-d048-4a8d-b234-99661d2eab2d,Intelligent Continue Assistant,0.364167081,0.460820793,0.588934701
c6a76d84-2e7d-4796-882d-8488648d51ab,Cloud-Based Natural Assistant,0.51223488,0.518466967,0.611033117
c847ffc8-5809-432a-ba50-6409f96181c8,Self-Healing Letter Dashboard,0.56485645,0.510876525,0.23894253
4a334694-5011-41b5-91bb-68003213798f,Automated Fall Optimizer,0.525453535,0.319610338,0.473922597
631f433c-0fa9-4f6d-b2f7-f5e6f01593d5,Automated Pay Analyzer,0.601362781,0.599113147,0.442208802
7b1ea798-3254-4566-9b36-a7ef7cba0750,Zero-Touch Prove Platform,0.450411088,0.314058292,0.316566776
e733a59b-2861-4962-b9b4-1d88b33a7f6b,AI-Powered Million System,0.48074698,0.443973111,0.552605548
f87abfdd-b690-4cbe-ba99-b3d2760ebc42,Predictive Many Agent,0.609097408,0.583706459,0.372390528
4bce5902-f6a7-4200-b11b-d49af9b92bf4,Self-Healing Issue Manager,0.312851844,0.55375971,0.560701089
b0011997-b564-4446-a0a2-9c2eb97b5e30,Intelligent Full Platform,0.438552433,0.520574994,0.473382529
d5e915ab-7166-4b06-873d-d4e9f5a702b5,Cloud-Based Book Service,0.537266604,0.58139881,0.670057
048d9acc-5a46-43ba-810d-335e466af610,AI-Powered College Service,0.460445509,0.753704861,0.559105026
feb85fe5-773f-4a48-b257-c110d00c974f,Smart Its Assistant,0.422659119,0.515718587,0.246589331
c1f24ae5-ebfd-448f-b675-37aa5e294cfe,Cloud-Based Mission Analyzer,0.541336538,0.440128207,0.505605213
1dbb11ce-70ea-4d1d-8575-845aed24d5bb,Zero-Touch Recognize Analyzer,0.538638833,0.585851032,0.497348368
3971fca8-149d-410f-8dd8-223590bb429b,Self-Healing Teach Platform,0.664451315,0.463730125,0.566042517
128c2533-5bfb-4b1a-a562-0a64a3b47d14,Intelligent Oil Platform,0.309183655,0.462544803,0.385258916
1873b6d4-f963-4d65-a48e-cf1973b8cf1b,AI-Powered Look Dashboard,0.542600398,0.657850439,0.370934165
853998ee-0d88-40e1-b7f6-2e3bc450e263,Automated Forward Bot,0.676853322,0.469857792,0.633357387
4500f4de-f000-4df4-8b9e-3a0dfa291a72,Zero-Touch Game System,0.232746084,0.586172171,0.660170378
f16fbc0e-e677-45ec-846a-873f8530e1fa,Automated Spring Analyzer,0.563884837,0.350555995,0.569659305
2fdde5ab-c282-42d8-bfc9-b0bb7c1080bb,Zero-Touch My Platform,0.469887474,0.45528495,0.435813196
a3673acb-031d-4f75-8917-fbf0a34d1a5e,Zero-Touch Ability Analyzer,0.367294208,0.603261564,0.527820805
05d873e5-17a3-47ac-82dd-fafae9811643,Cloud-Based True Bot,0.503767113,0.583582055,0.589366272
bd155c57-d216-4929-ba56-9b29960a2ec9,Self-Healing Maintain Manager,0.314439515,0.553334318,0.386217722
2fc3ac21-14d5-4810-b7b8-eee8754bbcdc,AI-Powered Arm Platform,0.680010355,0.556577719,0.169762906
75cbf040-0d80-4088-b428-1c122580efec,Predictive National System,0.593904854,0.576900547,0.344953905
e0d67908-ec28-481a-b18b-319eaf35e04f,Zero-Touch Prevent Agent,0.43165547,0.432059009,0.392558734
dd35282b-b98d-47ec-8429-69f3004e9dd2,Cloud-Based Moment Assistant,0.59902235,0.617782116,0.401281692
f0921f73-6082-44f0-acfa-2bb01b62cfde,Cloud-Based Letter Agent,0.429146409,0.635403841,0.500324915
7780a228-62c6-466c-89e0-8c4cae64eda0,Zero-Touch Approach Optimizer,0.538935989,0.54530946,0.447900812
ec11a35e-6f04-4ba4-b855-1ffecf3f94f9,Cloud-Based Example Analyzer,0.399516143,0.485776725,0.232721678
5767d017-32dc-4bed-9767-82d714ba9f46,Zero-Touch Catch Agent,0.347933261,0.580548827,0.346027122
9b64607b-d3ad-4911-8114-2238050fe48f,Automated Field Bot,0.385836489,0.569275914,0.229584182
f11e4678-184c-47d8-9493-95540730b1fe,Intelligent Up Dashboard,0.408284913,0.606246387,0.690431022
6bab1be6-eb0b-4006-8156-bac077cdc4b8,Smart Memory Dashboard,0.73055352,0.435863145,0.411371156
d8bbc5b6-521b-4f91-a8af-e70408f1007d,Cloud-Based Air Dashboard,0.576381165,0.500773024,0.645679128
ba2fe886-f30c-4379-8b6c-f5241725b962,Self-Healing Politics System,0.806087838,0.637681917,0.556038872
6593f671-c9a4-40e8-bc99-2741a513850d,Predictive Education Platform,0.467433567,0.556596193,0.551495687
8c2d6d30-2fa9-4cab-a6ee-799e1070142d,Cloud-Based Cold Dashboard,0.604707454,0.412124365,0.439344741
8aa0ff43-d27e-4ad3-ae6d-c2e84052eee2,Self-Healing Ok Platform,0.374830214,0.503715488,0.688930933
b0c9887b-c44c-4ff7-8769-3c4bd7331917,Predictive Old Platform,0.376027762,0.553106355,0.181287255
ec3476cc-3a6f-4a77-ab4a-8120441b2d1c,Automated Better System,0.713034744,0.516954821,0.517467757
500e0cb6-4ffa-44b5-b7f4-cbda0d2940e6,Predictive Thought Analyzer,0.393223233,0.251439444,0.642118844
a03e1da5-2f9c-470d-a6db-290726120a13,Smart Build Bot,0.50986188,0.573001349,0.697394925
48847cac-a0b4-48bd-a0cc-e0d0dbe82e35,AI-Powered Your Analyzer,0.33256853,0.518635488,0.465839138
8f1c595d-ba5d-4f6f-b16e-a6193c18ffaa,Intelligent Raise Bot,0.587971772,0.561700244,0.718635747
5d837c81-9386-4d55-b6a7-06bd22b10afa,Self-Healing Class Dashboard,0.472796271,0.544169961,0.228639459
a58bf041-98f8-4db7-a83d-bff3e273b964,Self-Healing Worker Dashboard,0.57212059,0.490827034,0.332525292
4bce5993-2222-4803-8484-692f1af496bf,Predictive Film Platform,0.499130316,0.476501645,0.584206135
f7e38ab5-9c75-492b-bad7-b31bac6769cf,Intelligent Season Dashboard,0.518456555,0.466091808,0.586720865
e47b15a2-f259-475e-bb12-2d24f4d6925d,Self-Healing Just Optimizer,0.389896551,0.441958686,0.265565502
fdd26da2-d896-4f67-b84f-215fc2de0d13,Cloud-Based Meeting Platform,0.244691215,0.437165032,0.637160131
8b68e839-0d43-4ab0-a0f5-1c811f5a50e7,Automated Either Optimizer,0.526883966,0.578261712,0.507632537
e69b9820-a666-4ab4-86a3-9d858e25a94f,AI-Powered Ok Agent,0.53154794,0.64989232,0.381976637
2d821682-1d66-425b-ad27-bb2259050124,Automated Identify Bot,0.523061408,0.649268914,0.400121264
22899cbc-56c4-4b40-8b62-952c28c45324,Self-Healing Will Assistant,0.517663722,0.429165773,0.414382694
1a53abe9-cea3-4dbe-8e3d-714ff95c8752,Cloud-Based Movie Manager,0.554630182,0.589068324,0.525389673
a2e729c5-fe35-4534-bf4c-2542cfb04a3a,Predictive Until Agent,0.363863527,0.612021024,0.38687827
938e03d9-7152-4e8d-afba-52607efab4ad,Self-Healing Treat Bot,0.457416891,0.475733888,0.541382635
0d9136c3-9da0-4ac9-a7d9-a342e32ec01f,Zero-Touch Fact Agent,0.480346282,0.290581967,0.60923477
b093cde1-e4e1-4578-831f-6717fe02826a,Zero-Touch Strategy Platform,0.505066312,0.540699175,0.427067711
2a855659-f8f5-4c0a-8949-37cdf28b02f0,Intelligent Join Agent,0.353408923,0.512069579,0.477198615
850c26e9-42a0-4bfd-8f0f-9943aac1bf72,Smart World Optimizer,0.644201868,0.447426487,0.495163929
37af56eb-20ab-4c7a-885a-534a1ca4c821,Zero-Touch Movement Manager,0.626629832,0.306776644,0.07802352
67cc70a0-c353-44b7-ac8c-ae0559cda164,AI-Powered Tend Assistant,0.513451666,0.451337955,0.431936499
837f093a-b31b-40b3-bc08-c93bc6a1eacc,Self-Healing Fear Platform,0.511629837,0.488140102,0.329529798
84b88ecb-ffdb-43d8-8ea4-a924d374d429,Predictive Fire Agent,0.522767675,0.578818704,0.334391358
aca7d979-524d-4243-ad3f-56f515e56060,Predictive People Assistant,0.430248553,0.541812418,0.528654548
263ef00d-0ccd-4523-9cea-2ab090541462,Self-Healing Receive Assistant,0.742050111,0.511662148,0.165997053
170c1011-5b42-477f-8207-e7e2f97263c7,Zero-Touch Tree System,0.363884588,0.499100403,0.479643519
ef4c2db5-0402-43fc-885a-aaa7b52d3cd9,Zero-Touch Likely System,0.419056539,0.615888775,0.519688529
dbb1ecaf-6b82-46e0-8a2d-eea287305ae9,Automated Member Manager,0.425756733,0.410878394,0.659550288
248c762d-832d-4534-9652-6e80a8030de8,Cloud-Based Go Service,0.375003267,0.691301314,0.286866525
9e0f68d3-6e79-4fa5-958e-4ee9575adfbf,Self-Healing Source Dashboard,0.543838849,0.528593595,0.375594373
d4f78bff-0689-4a01-824f-0053efc23bcd,Predictive Huge Agent,0.72395502,0.609328613,0.493728996
3897c9b6-31ba-43db-822e-b02b4224dd0a,Automated Worker Manager,0.386906867,0.331564602,0.43048774
d2c6c563-e1bd-485d-8943-430b4efa6e81,Predictive True Service,0.383083435,0.494290918,0.656841242
f2e5e914-fd45-4663-a13b-7ed51861426b,Smart Save Analyzer,0.613873778,0.310858473,0.601246505
a66b894a-9a0f-4dec-892d-cd93e18a85f1,AI-Powered Owner Bot,0.82454452,0.316368598,0.355031503
3ceaf65d-099e-4d23-a2ab-39b0876cdff5,AI-Powered East System,0.478409704,0.731806096,0.373193989
34a3d3e6-36ac-4e28-aebd-06c8cd988a87,Zero-Touch Stand Platform,0.320320984,0.480936287,0.483497589
ee99727c-498c-4d43-8604-158658af4fbc,Predictive Animal Optimizer,0.633170544,0.592624845,0.54229818
12d23fd8-a0ed-4723-bfd0-91ffda18ca21,Zero-Touch Size Dashboard,0.352643622,0.461574142,0.218413801
8eb74846-b749-41b3-88cb-de76373a2a6b,Automated Season Analyzer,0.497936931,0.492597729,0.374634671
d36d3e42-39a5-454e-8aa0-dca6997122ad,Smart Talk Analyzer,0.554448922,0.408833286,0.476886887
906bbb79-9598-4c7a-8ae1-70b9e6491dcc,Predictive Imagine Agent,0.602566981,0.58799998,0.48722345
c0281e06-855b-429f-939a-5c711fd4c5e1,Cloud-Based Structure Agent,0.442182931,0.364742737,0.387718084
cca03be2-c300-47ea-a44b-f0a10039de90,Intelligent Reach Agent,0.626250602,0.648773533,0.344401509
06f40a27-ddc6-43ea-acf6-7e00dc640bf1,Intelligent Mission System,0.69909459,0.465802755,0.385258916
97afeafc-6825-4656-adf6-111a6294ee2c,Zero-Touch Card Assistant,0.648959067,0.334085551,0.251960001
c30ed695-09fb-4a1f-8a68-4ff6e0f8d732,Predictive Performance Bot,0.582590893,0.592870534,0.466070845
a83497ba-777e-4cb1-bfc4-d43ab05aa17f,Intelligent True Optimizer,0.321467574,0.579838087,0.476720198
f5fb1c1e-ba67-44f1-86da-5f5693571d37,Predictive Two Optimizer,0.467268686,0.655046205,0.674384679
4f9a9847-f84b-4fbb-97a0-33509cdab982,Predictive Less Dashboard,0.58485457,0.522961073,0.469101495
0fbf318e-e931-4678-a09d-ec62ae8acdb4,AI-Powered Never Analyzer,0.597566831,0.592445619,0.581006526
5424c350-6159-4891-8943-c9aa1e4bcc45,Zero-Touch Loss Optimizer,0.387595932,0.628112279,0.488838168
bb06bab4-33f2-4d44-9315-4180b11b16f2,Automated Seven Dashboard,0.427124867,0.555461771,0.518978214
0f5406b2-8f6b-4e0c-901c-e48dc14e99cc,Automated It System,0.515892208,0.580354809,0.351610434
853542f0-b230-4352-8215-c6ed56c05b39,Zero-Touch Real Bot,0.574110303,0.554423461,0.446436931
7795bf13-beb6-4665-8342-98fcff1c752a,AI-Powered Manager Optimizer,0.618451292,0.470907428,0.516294448
3e4ff3cc-c8c0-4df1-91c2-e763b5439e9c,Zero-Touch Evidence Optimizer,0.442054547,0.556189578,0.585977494
c98d4156-1fe2-4c9c-a849-789d20e26c7d,Automated Price Bot,0.493263664,0.577360008,0.443957655
4802c1f0-0cea-4872-95fb-14d941e8e638,Zero-Touch Information Bot,0.429820711,0.500924441,0.349543594
9fa691d0-92ad-4d16-a4bc-0f6e579c6f87,Automated Be Assistant,0.656701656,0.309335271,0.433409882
7a06b845-b081-438a-9dba-952a97fb80f3,Intelligent Get System,0.285337078,0.471143973,0.374331458
de1a5bed-2eb0-4169-932c-d56503c4bbdc,Smart Represent Service,0.485874658,0.584309276,0.548317269
80480fd2-3021-4e59-b6e5-2afbef83fc10,AI-Powered None Analyzer,0.193541994,0.390600822,0.458737624
f46fc0b3-afa4-4efb-ba70-66940b40acdf,Smart Free Dashboard,0.571213225,0.574763625,0.489384305
708df1aa-acdc-4ea2-b746-ebaa4849a787,Self-Healing Serious Platform,0.499859678,0.608342516,0.412405402
17520c55-ba83-46e3-9b7e-efee18d50d4f,Automated Song Analyzer,0.286723369,0.405225041,0.347590423
6c09e112-57d2-4a53-8aee-c3b9a08bca03,Automated Turn Bot,0.57328016,0.549199412,0.516365791
88e79012-81de-40a0-b49a-4cd0a8f63f30,Intelligent Also Agent,0.652330888,0.52091652,0.502166283
ecd60f6b-c51f-49d7-b8ac-f22691aaca64,Self-Healing Authority Manager,0.359177306,0.365940985,0.629006509
c0d02f65-10b5-4c33-8a7a-76331df2e6d0,Smart Program Service,0.344588642,0.535373575,0.630240619
c6f32d34-aadb-4206-9878-1e717ee54075,Zero-Touch Will Dashboard,0.743103199,0.57446588,0.576883118
cca808e2-5df7-4661-a700-623f8e4e5eff,AI-Powered Dream Manager,0.76494766,0.558960627,0.468242452
565ae39a-aea5-4cfb-9035-fcced5478e5a,Zero-Touch Believe Dashboard,0.526199917,0.501686714,0.521226172
ccefe1de-c898-4463-80ff-1e845b1a344b,Cloud-Based Billion Bot,0.404151685,0.627801299,0.353095272
18d8174f-4a8d-4a12-9703-9dd48e1b1dbf,Smart Property System,0.523635619,0.337003049,0.551791143
d3a34a82-c9d9-4fa7-9afd-38452a0869a1,Smart Turn System,0.280267318,0.381972055,0.400755617
a6214f78-2073-4d36-bc60-bb1c2e6e4311,AI-Powered Life Dashboard,0.494071635,0.559561235,0.483298346
3cd7da3e-b52c-4829-8ca4-54d2ad3418d9,Self-Healing Rule Service,0.403004886,0.483371198,0.393842174
a377b1f1-370c-444d-8620-d4698be0bade,Intelligent Well Service,0.529335013,0.604539176,0.28813653
105f0da9-826e-40f6-985b-c8e837caf551,Smart Any Dashboard,0.657591963,0.497370136,0.476295992
83968370-c28b-4348-a253-58c4b055de91,Smart Style Dashboard,0.462610897,0.513619657,0.501868355
c4ac43b7-8800-4976-942c-4909f2db9f7f,Intelligent Finally Dashboard,0.340681022,0.602410654,0.509402351
d3255ab6-f259-41c6-86ac-256ed785ae63,Smart House Manager,0.411763787,0.512255736,0.322937174
b0041cdc-2fcf-4267-9abc-009781aa2cb7,Cloud-Based Child Assistant,0.677225309,0.486742488,0.376255385
11c6e648-b897-4e6d-9f38-a68af98eb34d,Automated Nice Agent,0.546758656,0.679370536,0.599576488
2d33a4f8-2a7c-4ff6-b981-9173a87a62fe,AI-Powered Others Bot,0.430846588,0.579857992,0.456978248
a98ed6bc-2e42-4c3a-b1c1-7f32219d8f01,Self-Healing Structure Bot,0.335959084,0.408065684,0.502426795
8c5a51d8-be78-4951-bab1-da9236adf9ce,Intelligent Conference Dashboard,0.361377098,0.446702728,0.38421704
c9f95081-620f-4546-8965-5fb7b4e53bbc,Zero-Touch Bar Assistant,0.667632864,0.529870898,0.286619887
e59d55ba-4335-4c8f-9ca8-7a070c3ba441,Zero-Touch Truth Service,0.52275006,0.535634555,0.380116368
52c2b533-94e4-434e-bedb-6fd914028eef,Cloud-Based President Manager,0.426556755,0.425692196,0.185727219
9d7fba44-833e-467a-a846-baf956b288f1,Predictive Effect Optimizer,0.381743039,0.478812675,0.384045923
804b44d1-5c54-4d3f-a81c-48f3e5c0d977,Intelligent While Optimizer,0.532809576,0.356076294,0.762690741
b80739a6-8c12-4361-8a4b-3a17d7ed5be9,Zero-Touch Character Platform,0.331580402,0.513319526,0.639119561
6794136c-d02e-40c3-a2c9-d0cb339d47ad,Cloud-Based Main Analyzer,0.619467282,0.518640045,0.509120978
f9ccc02c-6e89-498c-b382-13d736e5777d,Self-Healing Environmental Manager,0.528709716,0.570556581,0.503949507
f14ef204-1cda-43f6-8375-5553aa2ec8f4,Intelligent Especially Dashboard,0.323926651,0.507393581,0.652327051
8949bf29-8688-4fe8-bc0f-a7474333988d,Self-Healing Act Dashboard,0.443252823,0.534656829,0.30963632
d578da41-1444-4b46-b5bd-082d4842c355,AI-Powered Summer Platform,0.424698471,0.519663016,0.46935935
ac61bd22-7949-4159-b15f-b5a90b71eab6,Zero-Touch Wear Platform,0.635220912,0.399381606,0.457674299
f96d40cc-1c76-4aa1-ba1f-7093f55e717c,Automated Research Agent,0.495095991,0.620130364,0.473683041
b2ac854c-8b9e-451e-8d01-c2f1e4a3635f,Cloud-Based Coach Service,0.514779378,0.564273228,0.314778405
59854e0e-4c6f-4016-9970-806d9c38b650,Self-Healing Letter Analyzer,0.544665707,0.496508375,0.439650473
9ce6afa7-9386-4c63-8ab6-3e600622b628,Automated People Assistant,0.648877718,0.608877165,0.586368998
d60570cb-8fe0-4544-9ca4-96ee57bb10c8,Predictive Purpose Dashboard,0.495089679,0.409087637,0.43988355
c1e8bb08-8f37-4252-8d0d-0e0d7683e1b2,Automated Road System,0.607547537,0.516718676,0.479085872
6a8a6ccf-23e1-4768-a8b0-45b15489e030,Predictive Loss System,0.417777615,0.401428561,0.541594801
24629b5a-9baf-4fe6-bef2-de711d8a7f43,Cloud-Based Five Optimizer,0.484524027,0.591326795,0.473364156
d90aa657-e13c-4435-b5bb-2cc9562181d2,Self-Healing If Manager,0.405657969,0.587877648,0.443151517
f8651c23-e1f1-45d2-a8a0-895634e98698,Self-Healing Meeting System,0.518400565,0.386945662,0.353692163
8c0fe459-6e61-4f84-9c50-2012aa80e3d0,Smart Economic Agent,0.757304241,0.386771431,0.557243597
0e3da3b7-f492-42b7-b310-cad5f51392e6,Self-Healing Owner Optimizer,0.445904613,0.380723737,0.698636264
cec03f94-c003-412e-b36d-f2a830af74d5,Automated Paper Agent,0.268807058,0.334802843,0.313235631
b7ec2a8e-5240-44cb-8295-fb7718a63a98,Self-Healing Scene Platform,0.345604735,0.381096123,0.353987619
fbde9641-bd75-47ca-9bf7-eddffd7edcf6,Predictive Age Assistant,0.452427523,0.455920268,0.560577807
5a435cbe-5fdb-496a-8254-02a77200bc9d,Cloud-Based Reason Agent,0.374623264,0.461053895,0.566662607
655a55f1-9574-46fe-a008-3324711531ea,Predictive Face Service,0.417984251,0.594112278,0.403504245
945fa5ba-a9fd-4720-ba5c-0f558ed0a40f,Cloud-Based Others Agent,0.557144281,0.471863061,0.569223163
f0b819bc-86ea-43aa-8a9a-4bd39c50abbe,Zero-Touch Rich Manager,0.534195447,0.538730737,0.418605726
6ccc6081-6425-489b-89f0-876533b8eab7,Zero-Touch Size Analyzer,0.483902798,0.444597091,0.403982662
c97690ee-cfcd-40c1-ae83-f611e97896a6,Self-Healing Whether Agent,0.610239254,0.346264562,0.382294626
84b91631-79bd-458b-9abf-ff668828fb9b,Smart Skill Service,0.572173873,0.542132518,0.509108722
e38bdf12-8a8a-41f3-9d5a-9245e7aac426,Intelligent There Assistant,0.614261038,0.582688637,0.409821646
4096aa3a-b307-48e1-83cb-82a176e2dac9,Self-Healing Weight Agent,0.49434375,0.568499939,0.332342842
d302533a-0c79-4c06-9dea-088fee6a423d,Intelligent Stand Assistant,0.30523662,0.494364176,0.582351615
c8af4fd1-c3ef-4614-ae31-f2b05937bcc3,Cloud-Based Drug Optimizer,0.527590516,0.378016061,0.243737353
676d420c-c46f-4af9-b585-a2ab08bee458,Self-Healing Suffer Agent,0.63516789,0.651328055,0.562759852
7b09dbaa-5d68-4cc6-848e-0dc21b90c7f4,Self-Healing Discuss Manager,0.615439751,0.62211349,0.479146711
42bf4d62-b548-4315-b4e6-a225d26d3675,Cloud-Based Customer Bot,0.47065315,0.338881404,0.489482306
2d4c8e67-0b9f-49aa-b80d-0692d995a915,Predictive Enough Optimizer,0.421186178,0.333762276,0.31585685
02d1d23e-ed6e-4875-91b9-b1bc0d72a927,Zero-Touch Someone Analyzer,0.541325395,0.430426964,0.704629032
20821e1b-857d-434c-8904-ca18f6789f46,AI-Powered Speak Analyzer,0.52040122,0.565690979,0.210059676
14803648-e6ac-4ad6-8d0e-b73e2bd56a8a,Zero-Touch Responsibility Assistant,0.576294019,0.392661459,0.39456651
8ec409f7-4a01-4dce-8ef7-ac45f3690f4d,AI-Powered Certain Agent,0.440304435,0.476888815,0.348970825
f00a4182-5401-4e7f-bba7-5407b67ba9b3,Self-Healing Bill Optimizer,0.619240353,0.375211159,0.623698311
5094c14c-d081-4088-8acf-b4b99519b3c3,Smart Product Platform,0.562860664,0.769747179,0.391676173
c5ec021a-584c-4abf-9328-29933344bd84,Intelligent Among System,0.465254065,0.271004552,0.35281189
8b56147d-d9f0-4e3e-9f88-308a7d46f433,AI-Powered Story Optimizer,0.450313992,0.627589995,0.235685073
c5f89826-13e7-406f-bc83-03e9215d449b,Self-Healing Along Platform,0.630468586,0.491215589,0.390120476
2ad40c8e-c49c-4be9-9a3f-63f55af35803,Zero-Touch His Analyzer,0.525181605,0.574092131,0.461477892
9589690a-e2ac-4d70-8d8b-70d01a962b67,Smart Catch Analyzer,0.531834521,0.473633205,0.361297713
e7d2b356-b3aa-4471-a169-ec8ae0b3098d,Zero-Touch Where System,0.29266698,0.546847331,0.467023464
b562a3e4-4fa6-4e33-89d7-291a43401a30,Predictive General Agent,0.510136358,0.477223725,0.438868332
b5c8a53d-2aed-4fb4-b536-c66e1a6304f7,AI-Powered Just Platform,0.408948506,0.566887929,0.707702294
fc7b2121-5c86-4676-8bd8-e4b0e8ff6ca4,Cloud-Based Deep Bot,0.281739261,0.539431613,0.51892412
5ad0ea93-8da9-42f8-8cb8-1a9bbd492840,AI-Powered Stop System,0.440153964,0.465066166,0.27571362
4850f4d2-53a6-4528-b429-54761840b715,Predictive Under Dashboard,0.521814411,0.372557034,0.613895169
3ef79f88-3606-4c33-9c44-2647ca3aac9d,Self-Healing Nice System,0.622072401,0.607072551,0.542417402
1506196f-2e1e-4f27-9cbc-ab425e2446ae,Zero-Touch White Assistant,0.679288454,0.353861327,0.449775391
0dcb8633-ec67-4562-a562-fc199f0a7fb7,Self-Healing Then Assistant,0.730534338,0.590989716,0.485558361
be64af26-ea85-4db8-bf12-2b090bbbc357,Self-Healing Even Optimizer,0.507607759,0.540525391,0.52804939
13980fcf-99e8-40b9-9712-74d520fc1f16,Predictive Thank Agent,0.395179478,0.580192058,0.202349405
e85b38d2-765d-4777-94c2-450222c6aa6b,Zero-Touch Find Analyzer,0.37911759,0.506471899,0.450249
406720af-c2f4-4ad5-ada0-333f2c4d392e,Self-Healing Truth Dashboard,0.495473797,0.451114668,0.279852331
610ce077-bb39-4cc4-96fe-01119f60b7bf,Intelligent Building Analyzer,0.36743767,0.439260303,0.475061434
06083954-56fe-4382-a07a-c6b38a924c13,Smart Bag Optimizer,0.494734881,0.483955647,0.424766024
915ddd3f-0f09-4697-8511-1d15a535d6f4,Self-Healing Somebody Platform,0.833267131,0.522825449,0.244417533
303ae359-5eb6-4d94-a7a8-a98857835809,AI-Powered Trade Platform,0.57511808,0.529018563,0.57584481
8cde8e92-d9c1-48fe-93c0-8c8224c98b0e,Self-Healing Shake Platform,0.360524417,0.591605625,0.534393204
2ae75d39-506b-4e8c-9b2e-1e1e6195cca6,Smart Industry Platform,0.543724607,0.287842887,0.372796442
87044526-9453-465d-ae87-0c9ba0e69729,AI-Powered Summer Analyzer,0.653253755,0.500661107,0.322527444
6b399e37-cad8-4b68-937c-50b10619b6e4,AI-Powered History Dashboard,0.467963362,0.393335907,0.528654548
6c715df2-a60c-45b8-9ed9-015055fdf681,Self-Healing Street Service,0.434272879,0.521889851,0.46750534
d342bc7d-de7f-4d8e-a275-7183469a6a4f,Zero-Touch Address Analyzer,0.438081366,0.610930961,0.362263601
5b971bea-d0ec-4f50-9284-2bff3930ad28,Self-Healing Not Service,0.493485231,0.418040694,0.392164118
a74e6c6e-452c-4f6a-a055-095f42f6d756,Intelligent Look Service,0.363371583,0.679492517,0.321142616
22aba45d-f664-4098-a9fa-1be60dde787b,Intelligent Remember Platform,0.269387338,0.280965074,0.392240079
f89a72b3-03b7-4e37-ba8e-536222e373a1,Cloud-Based Remember Bot,0.503622981,0.198742011,0.48660336
0ba578e5-9100-4dfe-bbbe-55c02b3bb6e9,Self-Healing Pattern Service,0.423282103,0.60429746,0.53543508
30445478-53e7-4223-a0fc-d43fcba1285c,Intelligent Test System,0.469033868,0.276975441,0.511830362
29bfe3a5-bda1-4d32-b69b-e265a8dae106,Zero-Touch Yard Service,0.465187585,0.505000217,0.481082942
48c09f5e-10b2-4a78-9094-fb0772c18ddf,Automated Box Manager,0.300084258,0.492440591,0.334502774
32572823-454b-4a46-8dec-9e9c5c79edc7,Self-Healing East Agent,0.311120568,0.52907482,0.490940897
2f622c83-41f0-4606-92ed-1a82d472b8d2,Smart Ago Analyzer,0.382876206,0.442582784,0.346970334
07dd93d3-493f-4b51-b6fe-d24f445e2e8e,Intelligent Usually Platform,0.486788727,0.408546248,0.405582184
6de28a4b-f965-4bd4-aebc-98f989c57378,Intelligent Generation Platform,0.432243864,0.605012345,0.434526441
b68d79ff-0db5-4819-949a-e1642b9841ee,AI-Powered Poor Manager,0.392497477,0.503499395,0.340989284
dcf9c69f-edc7-40f3-b12a-f62a42988726,AI-Powered Raise System,0.520695679,0.522476398,0.314158315
5384f3bb-1950-41c4-8856-ded7e6d33019,Cloud-Based Prove Manager,0.352170185,0.512297483,0.567639785
27f9a042-857b-40ac-9f34-c63ad45d03c2,AI-Powered Majority Platform,0.628542852,0.423167647,0.47979
8c923032-c509-4f3c-998b-896e1a9aac8e,Cloud-Based School Assistant,0.602590647,0.382525226,0.342486469
58f00c31-d943-4e0d-b339-393ac6814d84,AI-Powered Range Dashboard,0.481657812,0.392386674,0.441291248
68608fbb-4c59-49b6-9670-915a796a3ddd,Intelligent But Optimizer,0.505272118,0.403956145,0.439718193
a2674569-829d-4d1c-8798-ea27269a3720,AI-Powered Answer Dashboard,0.537926176,0.555915246,0.358363704
99d57fe7-410d-4906-8af0-d54f636ec0a1,AI-Powered Fly Dashboard,0.353325103,0.529935513,0.590070401
7c7818ad-fb52-4fb8-93b9-7a9461780e06,Intelligent Business Agent,0.411080778,0.431498969,0.248043165
8ccf6c44-55af-4c02-87ac-2619c1207551,Intelligent Easy Dashboard,0.443302083,0.552528483,0.579346583
d1768711-e898-4e32-a27b-99907d418cde,Zero-Touch Note Assistant,0.526693471,0.581333449,0.366414178
4004620b-b6d3-4bfc-967e-b98b9890d8b9,Cloud-Based Important Dashboard,0.573378014,0.633393248,0.538191712
e196834d-efa0-4786-b2f0-ebd521a0b7c7,AI-Powered Hospital Optimizer,0.483555833,0.365996599,0.500270511
ea906810-ba0e-47da-b306-d977aa2840dc,Cloud-Based Situation Optimizer,0.56460325,0.542742957,0.512928869
a0225bd9-14ff-41be-aea2-84117eefe95d,Zero-Touch Young Analyzer,0.672274818,0.530680419,0.453388968
22761770-2196-4153-b81d-2bd2f656db50,Zero-Touch Kind Manager,0.559563099,0.72437308,0.305514027
a22c7f4a-fb8c-4e78-9eec-1cf9781d8ea1,Intelligent Situation Dashboard,0.418154972,0.532038142,0.45726163
7ff31ed7-283b-4119-8d2a-ec27af5f9744,Predictive Clear Manager,0.461776633,0.376284164,0.510514221
c9af6bc4-7f75-457e-8aa2-e32f9e55d820,Intelligent Join System,0.50866824,0.498417348,0.516648324
c94d784a-80ed-4766-aea0-fb0891b84edf,Intelligent Bit Agent,0.579890907,0.298607108,0.436014548
ef61185a-7a21-45fe-9a5f-3178823e7bec,Self-Healing Might Assistant,0.480249843,0.491029298,0.59015369
25f8ef11-6c63-4e86-b4c1-10c7e11a87a2,Cloud-Based Involve Bot,0.491156016,0.72033087,0.47415945
edef5743-5690-4f78-b079-6d1a704cb944,AI-Powered Far System,0.4490064,0.518449813,0.224442098
ebfe6562-67ba-45e1-bc27-ca9f847ff548,Automated Road Optimizer,0.562958108,0.784930813,0.19729314
f319320d-f0ba-41fe-ac79-a2cbb07653ec,AI-Powered Director Bot,0.545095343,0.571696235,0.674828624
56c7efaf-fe91-4c48-a194-2a40654b4270,Automated Light System,0.560639532,0.491717484,0.216873036
9b89ac22-5a71-42ec-95a3-41103f3041ba,Smart Top Bot,0.523163037,0.526721825,0.556549555
d2a5e2c6-02ee-44a6-85a7-6b46a161c6e0,Cloud-Based Bit Agent,0.421732614,0.504922365,0.37434639
1591e290-69cf-463a-9074-bd70aeb8f481,Intelligent Hold Service,0.514955253,0.413253131,0.58390983
08c75482-5571-4ca5-8346-e7fab18bb735,Automated Week Agent,0.3656311,0.39370579,0.356270833
4e3b292e-f6ae-4f57-a708-89c6c4d81b35,Predictive Her System,0.560730681,0.486110458,0.417985637
548d70e5-093a-4d0d-be33-1c56bf7eebfb,Intelligent Information Analyzer,0.548307225,0.635403051,0.492902335
8ea66458-a190-4a3f-a69a-f4c69047ed41,AI-Powered Customer Manager,0.521962408,0.476696797,0.458876028
486b5d17-39be-44df-86cb-a17bc33ae799,Self-Healing Thus Analyzer,0.404198336,0.333680952,0.347172205
6a6ab4b1-3d9b-4844-9d37-f9d6d1f34b89,Zero-Touch Look Manager,0.614219424,0.633424689,0.276174305
579f2b43-0ace-4df3-8e09-7f977aaa8a99,Smart Recognize Bot,0.515242604,0.447504873,0.516441752
5dee9d02-1a4f-4a79-9b41-2253ef305071,Self-Healing Quality Bot,0.423032727,0.657084344,0.683691423
155e1a02-e4e7-45f9-bd5a-8019f633cf5f,Self-Healing Picture System,0.443686987,0.433267985,0.516119153
9504b41e-bfa0-44e8-9525-2803e3d78aec,AI-Powered Apply Bot,0.401631519,0.495815383,0.522058631
b0ea8993-8af6-48ec-98fd-5ae7edc52e1a,AI-Powered Goal Manager,0.354959647,0.573609766,0.324919742
6de6ebd8-286a-409b-b444-00719bce71c2,Zero-Touch Car Manager,0.565697837,0.463940992,0.289032526
935f24b5-d067-4d69-8b10-c0c7bd5f1863,Smart Other Agent,0.542398999,0.62282146,0.413984298
5622f7a9-5f9e-46dc-85f2-b90909902c2e,Zero-Touch Authority Assistant,0.592099388,0.541301402,0.358855438
289c4d55-7d23-48e3-86b4-ae299a4051e4,Intelligent Southern Optimizer,0.478741178,0.397424813,0.570163917
2728e201-c2a9-4bc3-a186-9cdff232416e,Automated Despite Manager,0.363926392,0.496663297,0.537893399
d9af9757-e590-44ac-9539-bd6bcd136f30,AI-Powered Direction Manager,0.420932238,0.538411411,0.246665293
192ec0f1-dd17-4980-8a48-cd607f930f1d,Intelligent True Manager,0.551779835,0.696628229,0.401568014
ce95519e-52f5-4770-90d4-926619369de6,Cloud-Based Get Platform,0.402828894,0.478439704,0.672592129
4feb2fa5-cb69-4f83-9a31-285b1065301e,Self-Healing Choose Assistant,0.328784929,0.514159098,0.624759819
8d2c997f-8774-4f3b-ba3f-f9da22b07407,Intelligent Wear Assistant,0.380779949,0.616896332,0.603476385
b3985f7d-10b1-4616-b82f-0c783dc0986f,Intelligent Able Service,0.493968386,0.702100428,0.234442885
4b4b75a2-23e3-4676-90b5-1a91f87d4bea,Predictive Town Manager,0.438670988,0.551034213,0.185768791
ee2d1faf-89c0-437a-932b-22eaab99967b,Predictive Case Dashboard,0.506923607,0.399561823,0.695935022
492ccbbc-01a2-4053-98ee-5fd33deeff24,AI-Powered Enough System,0.619277762,0.458698021,0.61325273
de6ef8d9-e19a-4dfb-8547-feb4dc19c178,Cloud-Based Contain Dashboard,0.364159238,0.569379485,0.44066915
5b86b713-18d6-404f-81b3-1fa739804a19,Smart Recent Bot,0.572353959,0.638024293,0.297994758
65faa529-a412-4000-8f0b-3603c48237ba,Zero-Touch Agree Analyzer,0.62134756,0.555947721,0.488537582
a963e3ca-1129-4845-8395-6d372e5d6fed,Zero-Touch Administration Service,0.647229519,0.612337001,0.14477943
fa216249-aa05-4869-9a2b-7f342effabca,AI-Powered Strategy Dashboard,0.739594133,0.579027353,0.580303147
3c3ddf33-bfb7-48f5-a36e-50162ebf621a,Smart Economy Assistant,0.343030141,0.623390476,0.532712071
7a02f151-c3f6-49ce-ae9c-4146f661caf8,Smart Game System,0.272573162,0.439054271,0.368075104
f2876552-0f5c-4a88-9d6a-72964dfc019a,Smart Contain Manager,0.492423202,0.618124445,0.351653741
d6941a77-c894-499c-81c2-c27e7568bf0e,Intelligent Area Agent,0.487024546,0.638003972,0.30563731
c8461871-f9b0-4644-ace2-839ffad42ea7,Cloud-Based Site System,0.725596674,0.421028058,0.641159142
6a5a5c08-a613-4e8c-a3b0-c6d252fd8fa9,Self-Healing Never System,0.308105382,0.500238569,0.548034736
9df44e13-a1d9-4dc5-993a-6e6407b12895,Automated Skill Agent,0.307456803,0.533002473,0.310802593
efd00c18-6fb2-4f9d-b872-03226359655f,Automated Maybe System,0.527557816,0.496760466,0.521114756
237e81b5-002d-4395-a3c1-e6646ffc89eb,Cloud-Based Star Platform,0.626030843,0.421426478,0.350171951
356fadfe-3e30-4fc6-b74b-35ff1727e971,Zero-Touch Must Manager,0.629022257,0.579704818,0.461715266
7fda31cd-023e-4477-a5da-c39c345e857d,Intelligent Boy Bot,0.426194004,0.505212856,0.638677624
e375cdd4-7af8-43b1-9233-0838021e407b,Intelligent Most Service,0.627467976,0.328122997,0.619478481
b9062158-72a7-4673-ba3e-64a9d6a2d3f4,Zero-Touch Young Bot,0.585007332,0.532935829,0.370727017
006c3777-4b1e-46a6-9250-f5d118fb0f88,Automated Animal Agent,0.418444608,0.606838649,0.621671626
63ba104d-415b-4c2d-bf04-00752d1860aa,AI-Powered Step Agent,0.728399405,0.378037601,0.505885738
6d41891c-94da-42cb-bf13-5354c58b5f0d,Cloud-Based Trial Optimizer,0.70148868,0.469387541,0.423145774
c7259b3b-d8da-4f1d-93dd-2aa11e360752,Intelligent Near Dashboard,0.547574462,0.661314644,0.394950182
4ed67a1f-54d2-4759-b0ee-41d6214f440d,Predictive Low Bot,0.536356001,0.542489158,0.524134562
ef9f6548-5970-42fb-aa51-242880ca5584,Smart Allow System,0.581828282,0.587318973,0.278712902
1225d336-63b9-4363-a4f4-1d07f33e212d,Zero-Touch Measure Analyzer,0.637101712,0.474944293,0.430612281
3a050cef-4a52-4348-a07d-52388c173a3f,Cloud-Based Interest Dashboard,0.470637503,0.717282274,0.599646652
984479c7-7f88-4796-a283-b9e8540a5d71,AI-Powered Rich Platform,0.504796183,0.529107839,0.636955568
51988c18-427a-40f4-b3fa-e224b8833995,Automated Military Manager,0.60872994,0.394616489,0.639435927
c63cbb64-ab4a-4158-8d81-71f4786da9ea,Predictive Where Dashboard,0.429353148,0.609558811,0.51362492
9352ea14-650b-49a7-aef3-a1cff64911db,Predictive Back Bot,0.475030664,0.533202846,0.396798196
993a5962-fbe2-4701-8a7c-63a056639b4f,Automated Be System,0.437717242,0.503918821,0.416995117
4c22f47c-3622-4a73-8c24-efa292162337,Automated Political Dashboard,0.277884198,0.367002585,0.475238737
b1199cb9-79da-44eb-b84f-3fa255a97e33,Zero-Touch Attorney Service,0.282816003,0.653625295,0.433030197
